1766854560.5848918,0x100,0,4,1,0
1766854560.663147,0x100,1,15,1,0
1766854560.7271574,0x100,2,7,1,0
1766854560.81448,0x100,3,9,1,0
1766854560.8932533,0x100,4,15,1,0
1766854560.9725714,0x100,5,5,1,0
1766854561.0541692,0x100,6,7,1,0
1766854561.1298618,0x100,7,11,1,0
1766854561.2080326,0x100,8,6,1,0
1766854561.2693384,0x100,9,6,1,0
1766854561.342599,0x100,10,5,1,0
1766854561.4172115,0x100,11,6,1,0
1766854561.498926,0x100,12,6,1,0
1766854561.581471,0x100,13,9,1,0
1766854561.6608596,0x100,14,6,1,0
1766854561.734822,0x100,15,6,1,0
1766854561.810188,0x100,16,6,1,0
1766854561.8878176,0x100,17,9,1,0
1766854561.9702563,0x100,18,12,1,0
1766854562.0382912,0x100,19,6,1,0
1766854562.108666,0x100,20,6,1,0
1766854562.1908717,0x100,21,7,1,0
1766854562.2566473,0x100,22,10,1,0
1766854562.3301785,0x100,23,5,1,0
1766854562.3962274,0x100,24,6,1,0
1766854562.4627,0x100,25,10,1,0
1766854562.533067,0x100,26,7,1,0
1766854562.6128457,0x100,27,6,1,0
1766854562.6760454,0x100,28,6,1,0
1766854562.7393622,0x100,29,7,1,0
1766854562.8041215,0x100,30,6,1,0
1766854562.8777876,0x100,31,7,1,0
1766854562.9435558,0x100,32,11,1,0
1766854563.0056279,0x100,33,6,1,0
1766854563.0787272,0x100,34,5,1,0
1766854563.1475399,0x100,35,6,1,0
1766854563.2225313,0x100,36,7,1,0
1766854563.2973223,0x100,37,6,1,0
1766854563.3657134,0x100,38,6,1,0
1766854563.4287014,0x100,39,7,1,0
1766854563.4955034,0x100,40,6,1,0
1766854563.5699654,0x100,41,6,1,0
1766854563.647015,0x100,42,6,1,0
1766854563.7119727,0x100,43,10,1,0
1766854563.7766066,0x100,44,9,1,0
1766854563.8631656,0x100,45,6,1,0
1766854563.930295,0x100,46,9,1,0
1766854563.9941325,0x100,47,8,1,0
1766854564.0731995,0x100,48,6,1,0
1766854564.1444433,0x100,49,5,1,0
1766854564.208628,0x100,50,4,1,0
1766854564.2723093,0x100,51,5,1,0
1766854564.3357368,0x100,52,6,1,0
1766854564.4232867,0x100,53,4,1,0
1766854564.4870253,0x100,54,4,1,0
1766854564.5091014,0x100,0,7,1,0
1766854564.5607605,0x100,55,5,1,0
1766854564.5857787,0x100,1,6,1,0
1766854564.6332211,0x100,56,54,1,0
1766854564.6494315,0x100,2,11,1,0
1766854564.7213106,0x100,3,10,1,1
1766854564.723337,0x100,57,8,1,0
1766854564.7955973,0x100,4,9,1,1
1766854564.7986903,0x100,58,7,1,0
1766854564.8752625,0x100,5,7,1,1
1766854564.8752625,0x100,59,3,1,0
1766854564.9544785,0x100,60,6,1,1
1766854564.9573267,0x100,6,3,1,0
1766854565.0346,0x100,61,11,1,1
1766854565.03664,0x100,7,9,1,0
1766854565.1072,0x100,8,50,1,1
1766854565.1085343,0x100,62,4,1,0
1766854565.1854568,0x100,63,7,1,1
1766854565.1888986,0x100,9,4,1,0
1766854565.265086,0x100,64,8,1,1
1766854565.265086,0x100,10,6,1,0
1766854565.3469117,0x100,11,7,1,1
1766854565.3482573,0x100,65,4,1,0
1766854565.426671,0x100,12,6,1,1
1766854565.428506,0x100,66,4,1,0
1766854565.4943626,0x100,13,12,1,1
1766854565.497046,0x100,67,7,1,0
1766854565.5670254,0x100,14,7,1,1
1766854565.5670254,0x100,68,4,1,0
1766854565.645947,0x100,15,6,1,1
1766854565.6475856,0x100,69,5,1,0
1766854565.7226458,0x100,70,6,1,0
1766854565.730303,0x100,16,5,1,0
1766854565.7869024,0x100,17,5,1,1
1766854565.7900426,0x100,71,4,1,0
1766854565.8629427,0x100,18,5,1,0
1766854565.8680882,0x100,72,5,1,0
1766854565.9384816,0x100,19,5,1,0
1766854565.949462,0x100,73,5,1,0
1766854566.0226343,0x100,20,9,1,0
1766854566.0354075,0x100,74,29,1,0
1766854566.099127,0x100,21,32,1,1
1766854566.1035638,0x100,75,7,1,0
1766854566.171433,0x100,22,21,1,1
1766854566.171433,0x100,76,5,1,0
1766854566.2403162,0x100,77,4,1,1
1766854566.2403162,0x100,23,3,1,0
1766854566.305701,0x100,24,3,1,1
1766854566.305701,0x100,78,3,1,0
1766854566.3692813,0x100,79,36,1,1
1766854566.372767,0x100,25,5,1,0
1766854566.455385,0x100,26,8,1,1
1766854566.455385,0x100,80,8,1,0
1766854566.5524533,0x100,81,33,1,1
1766854566.5553982,0x100,27,5,1,0
1766854566.6208127,0x100,82,4,1,1
1766854566.6227124,0x100,28,4,1,0
1766854566.693099,0x100,29,5,1,1
1766854566.6970875,0x100,83,5,1,0
1766854566.7653184,0x100,84,5,1,1
1766854566.7676957,0x100,30,5,1,0
1766854566.841332,0x100,85,5,1,1
1766854566.8488379,0x100,31,6,1,0
1766854566.9240925,0x100,32,5,1,1
1766854566.9240925,0x100,86,3,1,0
1766854566.9884512,0x100,87,3,1,1
1766854566.9884512,0x100,33,4,1,0
1766854567.0518,0x100,88,5,1,1
1766854567.0518,0x100,34,4,1,0
1766854567.1167407,0x100,89,6,1,1
1766854567.1193554,0x100,35,3,1,0
1766854567.181113,0x100,36,4,1,1
1766854567.1824458,0x100,90,4,1,0
1766854567.2530572,0x100,37,4,1,0
1766854567.2545218,0x100,91,4,1,0
1766854567.3178272,0x100,92,4,1,1
1766854567.3194606,0x100,38,3,1,0
1766854567.3995054,0x100,93,5,1,1
1766854567.4019215,0x100,39,3,1,0
1766854567.4714944,0x100,94,6,1,0
1766854567.483718,0x100,40,8,1,0
1766854567.551862,0x100,95,6,1,0
1766854567.566805,0x100,41,5,1,0
1766854567.6184304,0x100,96,4,1,0
1766854567.6423798,0x100,42,4,1,0
1766854567.7077587,0x100,97,5,1,0
1766854567.7231305,0x100,43,7,1,0
1766854567.7855484,0x100,98,31,1,0
1766854567.789626,0x100,44,18,1,0
1766854567.8501074,0x100,45,4,1,1
1766854567.8501074,0x100,99,3,1,0
1766854567.9206703,0x100,46,4,1,1
1766854567.9206703,0x100,100,4,1,0
1766854568.0014184,0x100,47,5,1,1
1766854568.0014184,0x100,101,4,1,0
1766854568.080909,0x100,102,5,1,1
1766854568.080909,0x100,48,4,1,0
1766854568.1478465,0x100,49,4,1,1
1766854568.1478465,0x100,103,4,1,0
1766854568.212398,0x100,104,4,1,1
1766854568.2144084,0x100,50,4,1,0
1766854568.2973583,0x100,51,4,1,1
1766854568.2994444,0x100,105,4,1,0
1766854568.3624866,0x100,52,5,1,1
1766854568.3633344,0x100,106,3,1,0
1766854568.441814,0x100,53,4,1,1
1766854568.4450805,0x100,107,5,1,0
1766854568.5060635,0x100,54,5,1,0
1766854568.5080743,0x100,108,4,1,0
1766854568.5691135,0x100,55,5,1,1
1766854568.572334,0x100,109,4,1,0
1766854568.641156,0x100,110,4,1,1
1766854568.6431675,0x100,56,2,1,0
1766854568.7212493,0x100,57,6,1,1
1766854568.7232628,0x100,111,4,1,0
1766854568.785892,0x100,58,4,1,0
1766854568.7870786,0x100,112,4,1,0
1766854568.8488348,0x100,59,5,1,1
1766854568.8488348,0x100,113,3,1,0
1766854568.9209151,0x100,60,5,1,1
1766854568.9209151,0x100,114,2,1,0
1766854568.999506,0x100,61,5,1,1
1766854569.0012596,0x100,115,5,1,0
1766854569.070969,0x100,116,4,1,1
1766854569.070969,0x100,62,4,1,0
1766854569.1495173,0x100,63,4,1,0
1766854569.1552076,0x100,117,4,1,0
1766854569.2251484,0x100,64,3,1,1
1766854569.2251484,0x100,118,5,1,0
1766854569.290116,0x100,119,5,1,1
1766854569.2907603,0x100,65,3,1,0
1766854569.3608487,0x100,66,11,1,0
1766854569.3767653,0x100,120,7,1,0
1766854569.4322135,0x100,67,7,1,0
1766854569.456522,0x100,121,9,1,0
1766854569.5053005,0x100,68,6,1,0
1766854569.5191836,0x100,122,6,1,0
1766854569.5676026,0x100,69,7,1,0
1766854569.5863104,0x100,123,7,1,0
1766854569.6319022,0x100,70,5,1,0
1766854569.6486008,0x100,124,6,1,0
1766854569.7052891,0x100,71,9,1,0
1766854569.736324,0x100,125,6,1,0
1766854569.7709172,0x100,72,27,1,0
1766854569.8037102,0x100,126,4,1,0
1766854569.831865,0x100,73,7,1,0
1766854569.8697467,0x100,127,6,1,0
1766854569.9051414,0x100,74,5,1,0
1766854569.9545267,0x100,128,7,1,0
1766854569.9773934,0x100,75,5,1,0
1766854570.0334914,0x100,129,6,1,0
1766854570.0652275,0x100,76,6,1,0
1766854570.1055934,0x100,130,6,1,0
1766854570.1374235,0x100,77,5,1,0
1766854570.1814406,0x100,131,8,1,0
1766854570.2062294,0x100,78,8,1,0
1766854570.2535336,0x100,132,9,1,0
1766854570.2694476,0x100,79,7,1,0
1766854570.3183,0x100,133,10,1,0
1766854570.3346355,0x100,80,7,1,0
1766854570.3822844,0x100,134,7,1,0
1766854570.399911,0x100,81,5,1,0
1766854570.456771,0x100,135,64,1,0
1766854570.4710534,0x100,82,5,1,0
1766854570.5278769,0x100,136,9,1,0
1766854570.5508795,0x100,83,6,1,0
1766854570.600458,0x100,137,8,1,0
1766854570.6148083,0x100,84,6,1,0
1766854570.6632173,0x100,138,6,1,0
1766854570.6879215,0x100,85,6,1,0
1766854570.7356248,0x100,139,8,1,0
1766854570.767751,0x100,86,7,1,0
1766854570.815501,0x100,140,6,1,0
1766854570.836417,0x100,87,11,1,0
1766854570.880548,0x100,141,6,1,0
1766854570.9133308,0x100,88,5,1,0
1766854570.9439619,0x100,142,9,1,0
1766854570.9865952,0x100,89,10,1,0
1766854571.0170186,0x100,143,7,1,0
1766854571.0630774,0x100,90,6,1,0
1766854571.0824947,0x100,144,5,1,0
1766854571.1301281,0x100,91,8,1,0
1766854571.163083,0x100,145,7,1,0
1766854571.2021308,0x100,92,7,1,0
1766854571.2340183,0x100,146,10,1,0
1766854571.2788749,0x100,93,7,1,0
1766854571.316842,0x100,147,6,1,0
1766854571.3493416,0x100,94,98,1,0
1766854571.3961658,0x100,148,6,1,0
1766854571.4115126,0x100,95,7,1,0
1766854571.4613998,0x100,149,6,1,0
1766854571.4749374,0x100,96,6,1,0
1766854571.5348415,0x100,150,6,1,0
1766854571.55013,0x100,97,6,1,0
1766854571.5977669,0x100,151,7,1,0
1766854571.613893,0x100,98,38,1,0
1766854571.6716352,0x100,152,6,1,0
1766854571.6823277,0x100,99,6,1,0
1766854571.7514117,0x100,153,7,1,0
1766854571.7675579,0x100,100,5,1,0
1766854571.829692,0x100,154,6,1,0
1766854571.8475578,0x100,101,6,1,0
1766854571.911149,0x100,102,6,1,0
1766854571.9131236,0x100,155,4,1,0
1766854571.9846966,0x100,156,9,1,1
1766854571.9846966,0x100,103,5,1,0
1766854572.0563552,0x100,104,9,1,1
1766854572.0581272,0x100,157,5,1,0
1766854572.1194289,0x100,105,11,1,1
1766854572.1216774,0x100,158,8,1,0
1766854572.1973152,0x100,159,7,1,1
1766854572.1973152,0x100,106,5,1,0
1766854572.2876952,0x100,107,7,1,1
1766854572.2876952,0x100,160,5,1,0
1766854572.3513882,0x100,161,9,1,1
1766854572.3513882,0x100,108,7,1,0
1766854572.425283,0x100,109,8,1,1
1766854572.425283,0x100,162,5,1,0
1766854572.4911082,0x100,110,13,1,1
1766854572.4933288,0x100,163,7,1,0
1766854572.5542085,0x100,164,10,1,0
1766854572.5686197,0x100,111,9,1,0
1766854572.6277351,0x100,165,8,1,0
1766854572.6411862,0x100,112,7,1,0
1766854572.7029128,0x100,166,11,1,0
1766854572.7116065,0x100,113,7,1,0
1766854572.774992,0x100,114,5,1,1
1766854572.7760484,0x100,167,3,1,0
1766854572.8642855,0x100,115,6,1,0
1766854572.8671086,0x100,168,4,1,0
1766854572.940296,0x100,116,7,1,0
1766854572.9557555,0x100,169,7,1,0
1766854573.0030675,0x100,117,6,1,0
1766854573.0213094,0x100,170,6,1,0
1766854573.0682392,0x100,118,54,1,0
1766854573.0844486,0x100,171,6,1,0
1766854573.1387217,0x100,119,6,1,0
1766854573.1468718,0x100,172,6,1,0
1766854573.212019,0x100,173,7,1,0
1766854573.2141862,0x100,120,4,1,0
1766854573.2851958,0x100,121,5,1,1
1766854573.28905,0x100,174,4,1,0
1766854573.3497128,0x100,175,6,1,1
1766854573.3497128,0x100,122,92,1,0
1766854573.417124,0x100,176,7,1,1
1766854573.4191625,0x100,123,5,1,0
1766854573.5046115,0x100,124,6,1,0
1766854573.5058217,0x100,177,5,1,0
1766854573.5708039,0x100,125,11,1,1
1766854573.5729003,0x100,178,6,1,0
1766854573.6483092,0x100,179,6,1,1
1766854573.6493685,0x100,126,4,1,0
1766854573.7161012,0x100,127,9,1,1
1766854573.717632,0x100,180,6,1,0
1766854573.7883139,0x100,128,9,1,1
1766854573.7903395,0x100,181,5,1,0
1766854573.8612227,0x100,129,10,1,1
1766854573.8612227,0x100,182,7,1,0
1766854573.9321537,0x100,130,6,1,1
1766854573.9342833,0x100,183,4,1,0
1766854574.0133202,0x100,131,6,1,1
1766854574.014795,0x100,184,4,1,0
1766854574.0912378,0x100,132,7,1,1
1766854574.0932539,0x100,185,4,1,0
1766854574.168165,0x100,133,6,1,1
1766854574.169395,0x100,186,4,1,0
1766854574.2463274,0x100,187,6,1,1
1766854574.2496378,0x100,134,5,1,0
1766854574.320853,0x100,135,6,1,1
1766854574.3260555,0x100,188,5,1,0
1766854574.410174,0x100,136,6,1,0
1766854574.4121878,0x100,189,3,1,0
1766854574.4811306,0x100,137,6,1,1
1766854574.4832113,0x100,190,5,1,0
1766854574.5608609,0x100,138,6,1,1
1766854574.5608609,0x100,191,6,1,0
1766854574.6395605,0x100,139,4,1,1
1766854574.6395605,0x100,192,3,1,0
1766854574.7089558,0x100,140,5,1,0
1766854574.711005,0x100,193,4,1,0
1766854574.8078346,0x100,141,5,1,0
1766854574.8176808,0x100,194,6,1,0
1766854574.888015,0x100,195,7,1,1
1766854574.8900268,0x100,142,4,1,0
1766854574.9658089,0x100,143,7,1,1
1766854574.9678252,0x100,196,3,1,0
1766854575.0382106,0x100,144,6,1,1
1766854575.0422423,0x100,197,4,1,0
1766854575.1098986,0x100,145,7,1,1
1766854575.1129088,0x100,198,5,1,0
1766854575.1898553,0x100,199,4,1,1
1766854575.1898553,0x100,146,4,1,0
1766854575.2626271,0x100,200,5,1,1
1766854575.2626271,0x100,147,4,1,0
1766854575.3344557,0x100,201,5,1,1
1766854575.3344557,0x100,148,4,1,0
1766854575.4075773,0x100,149,5,1,1
1766854575.4075773,0x100,202,4,1,0
1766854575.4716816,0x100,150,5,1,1
1766854575.4716816,0x100,203,4,1,0
1766854575.5346816,0x100,204,24,1,1
1766854575.5346816,0x100,151,4,1,0
1766854575.5996127,0x100,205,5,1,1
1766854575.5996127,0x100,152,3,1,0
1766854575.663997,0x100,153,7,1,1
1766854575.663997,0x100,206,5,1,0
1766854575.7433686,0x100,154,5,1,0
1766854575.7470741,0x100,207,4,1,0
1766854575.8294134,0x100,208,5,1,1
1766854575.831524,0x100,155,4,1,0
1766854575.90993,0x100,156,6,1,1
1766854575.9125729,0x100,209,3,1,0
1766854575.9727924,0x100,157,10,1,1
1766854575.9727924,0x100,210,7,1,0
1766854576.0502286,0x100,211,11,1,1
1766854576.0530143,0x100,158,7,1,0
1766854576.1282322,0x100,159,6,1,1
1766854576.1311016,0x100,212,4,1,0
1766854576.1926906,0x100,213,10,1,1
1766854576.1926906,0x100,160,6,1,0
1766854576.2606127,0x100,161,8,1,1
1766854576.263278,0x100,214,27,1,0
1766854576.3342032,0x100,162,6,1,1
1766854576.3381863,0x100,215,4,1,0
1766854576.4125018,0x100,163,6,1,1
1766854576.4125018,0x100,216,4,1,0
1766854576.4776175,0x100,164,7,1,1
1766854576.4807973,0x100,217,5,1,0
1766854576.5567145,0x100,165,6,1,1
1766854576.559054,0x100,218,4,1,0
1766854576.6283574,0x100,166,5,1,1
1766854576.6325147,0x100,219,5,1,0
1766854576.6948354,0x100,167,5,1,1
1766854576.6982033,0x100,220,3,1,0
1766854576.7603254,0x100,168,7,1,1
1766854576.764871,0x100,221,5,1,0
1766854576.8326147,0x100,169,6,1,1
1766854576.8346357,0x100,222,4,1,0
1766854576.897755,0x100,170,7,1,1
1766854576.903904,0x100,223,4,1,0
1766854576.9606729,0x100,224,14,1,0
1766854576.9746234,0x100,171,8,1,0
1766854577.0312116,0x100,225,9,1,0
1766854577.046651,0x100,172,7,1,0
1766854577.113015,0x100,226,5,1,0
1766854577.1332202,0x100,173,6,1,0
1766854577.1951122,0x100,227,4,1,0
1766854577.2146225,0x100,174,6,1,0
1766854577.265568,0x100,228,6,1,0
1766854577.2901845,0x100,175,6,1,0
1766854577.33885,0x100,229,5,1,0
1766854577.3834722,0x100,176,11,1,0
1766854577.4116628,0x100,230,7,1,0
1766854577.4551349,0x100,177,4,1,0
1766854577.4892142,0x100,231,4,1,0
1766854577.5224273,0x100,178,5,1,0
1766854577.5637686,0x100,232,5,1,0
1766854577.5919137,0x100,179,5,1,0
1766854577.6486557,0x100,233,7,1,0
1766854577.6767755,0x100,180,10,1,0
1766854577.7191885,0x100,234,8,1,0
1766854577.7506986,0x100,181,7,1,0
1766854577.7949417,0x100,235,7,1,0
1766854577.8274019,0x100,182,6,1,0
1766854577.8644865,0x100,236,5,1,0
1766854577.9069436,0x100,183,5,1,0
1766854577.9469545,0x100,237,9,1,0
1766854577.973037,0x100,184,4,1,0
1766854578.0344186,0x100,238,6,1,0
1766854578.0492957,0x100,185,5,1,0
1766854578.1175625,0x100,186,6,1,1
1766854578.1188784,0x100,239,6,1,0
1766854578.1829023,0x100,240,6,1,0
1766854578.1846566,0x100,187,4,1,0
1766854578.2663734,0x100,188,5,1,1
1766854578.2706048,0x100,241,6,1,0
1766854578.334854,0x100,189,8,1,1
1766854578.336873,0x100,242,6,1,0
1766854578.3975964,0x100,243,7,1,1
1766854578.4007459,0x100,190,6,1,0
1766854578.4934974,0x100,244,5,1,0
1766854578.4979365,0x100,191,4,1,0
1766854578.580362,0x100,192,7,1,1
1766854578.5823812,0x100,245,6,1,0
1766854578.656946,0x100,193,7,1,1
1766854578.6620069,0x100,246,4,1,0
1766854578.7246003,0x100,194,5,1,1
1766854578.727936,0x100,247,6,1,0
1766854578.790574,0x100,195,5,1,0
1766854578.7945943,0x100,248,5,1,0
1766854578.8800995,0x100,249,7,1,1
1766854578.883165,0x100,196,6,1,0
1766854578.9429247,0x100,197,6,1,1
1766854578.9471328,0x100,250,5,1,0
1766854579.0278814,0x100,198,7,1,1
1766854579.0306084,0x100,251,5,1,0
1766854579.1084726,0x100,199,12,1,1
1766854579.111523,0x100,252,8,1,0
1766854579.1890042,0x100,200,7,1,1
1766854579.1940565,0x100,253,6,1,0
1766854579.256771,0x100,201,6,1,1
1766854579.2594438,0x100,254,4,1,0
1766854579.3460562,0x100,0,5,1,1
1766854579.3460562,0x100,202,23,1,0
1766854579.4131496,0x100,1,8,1,1
1766854579.4173589,0x100,203,7,1,0
1766854579.477967,0x100,2,8,1,1
1766854579.482381,0x100,204,7,1,0
1766854579.5578258,0x100,3,4,1,0
1766854579.5780597,0x100,205,4,1,0
1766854579.6460156,0x100,4,25,1,1
1766854579.6493254,0x100,206,5,1,0
1766854579.7250392,0x100,5,5,1,1
1766854579.7275724,0x100,207,4,1,0
1766854579.7943914,0x100,6,5,1,1
1766854579.7943914,0x100,208,5,1,0
1766854579.8770216,0x100,7,6,1,1
1766854579.8770216,0x100,209,4,1,0
1766854579.9435475,0x100,8,5,1,1
1766854579.9455616,0x100,210,3,1,0
1766854580.020868,0x100,211,6,1,1
1766854580.020868,0x100,9,78,1,0
1766854580.0830586,0x100,10,5,1,1
1766854580.0830586,0x100,212,4,1,0
1766854580.1492352,0x100,213,5,1,1
1766854580.1532495,0x100,11,3,1,0
1766854580.242172,0x100,12,4,1,0
1766854580.2502248,0x100,214,4,1,0
1766854580.3306062,0x100,13,4,1,0
1766854580.3326335,0x100,215,4,1,0
1766854580.395168,0x100,216,4,1,1
1766854580.3973324,0x100,14,4,1,0
1766854580.4581127,0x100,217,4,1,1
1766854580.4581127,0x100,15,3,1,0
1766854580.5317163,0x100,16,8,1,1
1766854580.535,0x100,218,8,1,0
1766854580.6030917,0x100,17,5,1,1
1766854580.6056488,0x100,219,4,1,0
1766854580.690299,0x100,18,7,1,1
1766854580.6923356,0x100,220,4,1,0
1766854580.7675698,0x100,19,6,1,1
1766854580.7675698,0x100,221,7,1,0
1766854580.8337185,0x100,20,5,1,1
1766854580.8337185,0x100,222,3,1,0
1766854580.909181,0x100,21,6,1,1
1766854580.909181,0x100,223,3,1,0
1766854580.9846807,0x100,22,7,1,1
1766854580.9846807,0x100,224,4,1,0
1766854581.0645285,0x100,23,6,1,1
1766854581.0645285,0x100,225,4,1,0
1766854581.1284146,0x100,24,5,1,1
1766854581.1284146,0x100,226,4,1,0
1766854581.1945078,0x100,25,6,1,1
1766854581.1965265,0x100,227,3,1,0
1766854581.2611976,0x100,26,7,1,1
1766854581.2632096,0x100,228,4,1,0
1766854581.3340669,0x100,27,6,1,1
1766854581.3340669,0x100,229,3,1,0
1766854581.413345,0x100,230,5,1,1
1766854581.414382,0x100,28,3,1,0
1766854581.482786,0x100,29,5,1,1
1766854581.482786,0x100,231,3,1,0
1766854581.5628605,0x100,232,5,1,1
1766854581.5628605,0x100,30,4,1,0
1766854581.6438794,0x100,233,6,1,1
1766854581.6438794,0x100,31,3,1,0
1766854581.7203891,0x100,234,7,1,1
1766854581.7203891,0x100,32,3,1,0
1766854581.7841258,0x100,235,7,1,1
1766854581.7841258,0x100,33,4,1,0
1766854581.860077,0x100,34,6,1,1
1766854581.860077,0x100,236,4,1,0
1766854581.9370484,0x100,237,5,1,1
1766854581.9370484,0x100,35,3,1,0
1766854582.0109782,0x100,36,7,1,1
1766854582.0130014,0x100,238,4,1,0
1766854582.0848517,0x100,37,8,1,1
1766854582.0868828,0x100,239,5,1,0
1766854582.1534958,0x100,240,5,1,1
1766854582.1545677,0x100,38,3,1,0
1766854582.2330308,0x100,241,6,1,1
1766854582.236935,0x100,39,3,1,0
1766854582.3137147,0x100,40,6,1,1
1766854582.31522,0x100,242,3,1,0
1766854582.3933878,0x100,41,5,1,1
1766854582.3959148,0x100,243,3,1,0
1766854582.463871,0x100,42,6,1,1
1766854582.463871,0x100,244,3,1,0
1766854582.5373244,0x100,43,35,1,0
1766854582.5393171,0x100,245,5,1,0
1766854582.5989294,0x100,44,9,1,0
1766854582.616632,0x100,246,8,1,0
1766854582.6632714,0x100,45,6,1,0
1766854582.6871672,0x100,247,6,1,0
1766854582.734818,0x100,46,5,1,0
1766854582.7671237,0x100,248,7,1,0
1766854582.8162286,0x100,47,4,1,0
1766854582.846289,0x100,249,6,1,0
1766854582.886459,0x100,48,7,1,0
1766854582.9121275,0x100,250,8,1,0
1766854582.9610868,0x100,49,6,1,0
1766854582.976208,0x100,251,6,1,0
1766854583.0513153,0x100,252,6,1,1
1766854583.0513153,0x100,50,4,1,0
1766854583.1218038,0x100,253,6,1,1
1766854583.1229389,0x100,51,3,1,0
1766854583.1958127,0x100,52,6,1,1
1766854583.1958127,0x100,254,3,1,0
1766854583.288817,0x100,0,5,1,1
1766854583.2909603,0x100,53,4,1,0
1766854583.3721466,0x100,54,6,1,1
1766854583.3750157,0x100,1,3,1,0
1766854583.4484055,0x100,2,25,1,1
1766854583.4499948,0x100,55,4,1,0
1766854583.5342085,0x100,56,5,1,1
1766854583.5358562,0x100,3,3,1,0
1766854583.6067824,0x100,4,6,1,1
1766854583.6088748,0x100,57,3,1,0
1766854583.6868129,0x100,5,5,1,1
1766854583.6878889,0x100,58,3,1,0
1766854583.7654748,0x100,59,6,1,1
1766854583.7677038,0x100,6,4,1,0
1766854583.8348103,0x100,7,6,1,1
1766854583.83608,0x100,60,3,1,0
1766854583.897295,0x100,61,5,1,0
1766854583.905129,0x100,8,5,1,0
1766854583.964303,0x100,62,5,1,0
1766854583.989614,0x100,9,7,1,0
1766854584.0372188,0x100,63,36,1,0
1766854584.0518863,0x100,10,8,1,0
1766854584.1148794,0x100,64,5,1,1
1766854584.1148794,0x100,11,5,1,0
1766854584.1861627,0x100,12,4,1,1
1766854584.1861627,0x100,65,2,1,0
1766854584.2569165,0x100,66,4,1,1
1766854584.2569165,0x100,13,4,1,0
1766854584.3210413,0x100,67,6,1,1
1766854584.3230543,0x100,14,4,1,0
1766854584.3955476,0x100,15,7,1,0
1766854584.3955476,0x100,68,7,1,0
1766854584.4628215,0x100,16,5,1,1
1766854584.4641418,0x100,69,4,1,0
1766854584.5487213,0x100,17,6,1,0
1766854584.5512638,0x100,70,4,1,0
1766854584.6245701,0x100,18,6,1,1
1766854584.6266258,0x100,71,3,1,0
1766854584.7027197,0x100,19,6,1,1
1766854584.7027197,0x100,72,4,1,0
1766854584.7746298,0x100,20,10,1,1
1766854584.7767017,0x100,73,6,1,0
1766854584.8517632,0x100,21,6,1,1
1766854584.8517632,0x100,74,3,1,0
1766854584.9387488,0x100,22,6,1,1
1766854584.9387488,0x100,75,4,1,0
1766854585.0151114,0x100,23,6,1,1
1766854585.0178168,0x100,76,4,1,0
1766854585.09675,0x100,24,5,1,1
1766854585.09675,0x100,77,3,1,0
1766854585.1605196,0x100,78,7,1,1
1766854585.1605196,0x100,25,4,1,0
1766854585.2331903,0x100,26,7,1,1
1766854585.2360334,0x100,79,4,1,0
1766854585.3104086,0x100,27,7,1,1
1766854585.3104086,0x100,80,4,1,0
1766854585.382651,0x100,81,5,1,1
1766854585.382651,0x100,28,3,1,0
1766854585.4620676,0x100,29,6,1,1
1766854585.4620676,0x100,82,3,1,0
1766854585.54816,0x100,30,6,1,1
1766854585.54816,0x100,83,3,1,0
1766854585.627677,0x100,84,6,1,1
1766854585.6292155,0x100,31,3,1,0
1766854585.6952991,0x100,32,6,1,0
1766854585.696256,0x100,85,3,1,0
1766854585.7660003,0x100,33,6,1,0
1766854585.7832413,0x100,86,6,1,0
1766854585.8456597,0x100,34,5,1,0
1766854585.8529701,0x100,87,5,1,0
1766854585.9092925,0x100,35,7,1,0
1766854585.9276443,0x100,88,6,1,0
1766854585.9826736,0x100,36,5,1,0
1766854586.0081239,0x100,89,9,1,0
1766854586.0543854,0x100,37,6,1,0
1766854586.0887995,0x100,90,6,1,0
1766854586.1341798,0x100,38,6,1,0
1766854586.1664007,0x100,91,8,1,0
1766854586.2072995,0x100,39,5,1,0
1766854586.2397459,0x100,92,4,1,0
1766854586.2704139,0x100,40,6,1,0
1766854586.306257,0x100,93,7,1,0
1766854586.3359444,0x100,41,7,1,0
1766854586.3818798,0x100,94,7,1,0
1766854586.4224057,0x100,42,58,1,0
1766854586.4551466,0x100,95,8,1,0
1766854586.4915347,0x100,43,9,1,0
1766854586.5326016,0x100,96,9,1,0
1766854586.56448,0x100,44,8,1,0
1766854586.6053684,0x100,97,5,1,0
1766854586.6294491,0x100,45,7,1,0
1766854586.6825576,0x100,98,5,1,0
1766854586.6959493,0x100,46,5,1,0
1766854586.7573206,0x100,99,5,1,0
1766854586.7793875,0x100,47,4,1,0
1766854586.8241584,0x100,100,6,1,0
1766854586.861367,0x100,48,6,1,0
1766854586.9150364,0x100,101,9,1,0
1766854586.9392524,0x100,49,5,1,0
1766854586.990985,0x100,102,3,1,0
1766854587.010549,0x100,50,4,1,0
1766854587.0660152,0x100,103,6,1,0
1766854587.0809903,0x100,51,7,1,0
1766854587.130168,0x100,104,4,1,0
1766854587.1533823,0x100,52,4,1,0
1766854587.2002084,0x100,105,4,1,0
1766854587.2330925,0x100,53,5,1,0
1766854587.280967,0x100,106,4,1,0
1766854587.3137126,0x100,54,5,1,0
1766854587.3562949,0x100,107,4,1,0
1766854587.3785212,0x100,55,4,1,0
1766854587.4257843,0x100,108,5,1,0
1766854587.4432156,0x100,56,3,1,0
1766854587.491206,0x100,109,5,1,0
1766854587.5064437,0x100,57,4,1,0
1766854587.5565844,0x100,110,4,1,0
1766854587.5804787,0x100,58,4,1,0
1766854587.6299567,0x100,111,4,1,0
1766854587.6477818,0x100,59,32,1,0
1766854587.7008483,0x100,112,6,1,0
1766854587.7164743,0x100,60,6,1,0
1766854587.7799678,0x100,113,7,1,0
1766854587.796425,0x100,61,6,1,0
1766854587.862315,0x100,114,7,1,0
1766854587.8788302,0x100,62,12,1,0
1766854587.927346,0x100,115,9,1,0
1766854587.9553769,0x100,63,7,1,0
1766854588.0022333,0x100,116,11,1,0
1766854588.0327244,0x100,64,10,1,0
1766854588.081,0x100,117,10,1,0
1766854588.09739,0x100,65,6,1,0
1766854588.1535094,0x100,118,5,1,0
1766854588.170957,0x100,66,6,1,0
1766854588.235178,0x100,119,32,1,0
1766854588.2493846,0x100,67,6,1,0
1766854588.3139277,0x100,120,6,1,0
1766854588.3319337,0x100,68,5,1,0
1766854588.3875902,0x100,121,7,1,0
1766854588.4054477,0x100,69,4,1,0
1766854588.4648297,0x100,122,6,1,0
1766854588.480378,0x100,70,7,1,0
1766854588.5463762,0x100,123,6,1,0
1766854588.5547369,0x100,71,6,1,0
1766854588.6296813,0x100,124,6,1,0
1766854588.6473792,0x100,72,10,1,0
1766854588.7014756,0x100,125,5,1,0
1766854588.7194753,0x100,73,7,1,0
1766854588.7777717,0x100,126,7,1,0
1766854588.7981536,0x100,74,7,1,0
1766854588.8643284,0x100,75,7,1,1
1766854588.8680549,0x100,127,4,1,0
1766854588.9451325,0x100,76,6,1,1
1766854588.9451325,0x100,128,4,1,0
1766854589.0076606,0x100,77,8,1,1
1766854589.0119872,0x100,129,4,1,0
1766854589.0887344,0x100,130,7,1,0
1766854589.089903,0x100,78,4,1,0
1766854589.1596508,0x100,131,5,1,0
1766854589.165925,0x100,79,4,1,0
1766854589.2423563,0x100,132,4,1,0
1766854589.2443695,0x100,80,4,1,0
1766854589.323222,0x100,81,6,1,1
1766854589.3248396,0x100,133,9,1,0
1766854589.3956149,0x100,82,6,1,1
1766854589.3977542,0x100,134,3,1,0
1766854589.4585526,0x100,135,8,1,0
1766854589.4649372,0x100,83,4,1,0
1766854589.5436006,0x100,136,7,1,0
1766854589.5462112,0x100,84,4,1,0
1766854589.6196263,0x100,85,6,1,0
1766854589.6236606,0x100,137,4,1,0
1766854589.6911035,0x100,86,4,1,1
1766854589.6931152,0x100,138,4,1,0
1766854589.7588825,0x100,87,19,1,1
1766854589.7608836,0x100,139,5,1,0
1766854589.8461654,0x100,88,9,1,0
1766854589.848186,0x100,140,6,1,0
1766854589.910927,0x100,89,8,1,0
1766854589.9273353,0x100,141,9,1,0
1766854589.972587,0x100,90,6,1,0
1766854590.0136716,0x100,142,9,1,0
1766854590.0436726,0x100,91,5,1,0
1766854590.0970416,0x100,143,29,1,0
1766854590.1138613,0x100,92,7,1,0
1766854590.1598787,0x100,144,10,1,0
1766854590.1950617,0x100,93,6,1,0
1766854590.2323444,0x100,145,6,1,0
1766854590.2805986,0x100,94,4,1,0
1766854590.3067822,0x100,146,7,1,0
1766854590.360883,0x100,95,6,1,0
1766854590.3953345,0x100,147,6,1,0
1766854590.441246,0x100,96,5,1,0
1766854590.459762,0x100,148,31,1,0
1766854590.505177,0x100,97,5,1,0
1766854590.52142,0x100,149,6,1,0
1766854590.5795996,0x100,98,49,1,0
1766854590.5986228,0x100,150,5,1,0
1766854590.6569357,0x100,99,7,1,0
1766854590.6762073,0x100,151,8,1,0
1766854590.7236502,0x100,100,6,1,0
1766854590.7494552,0x100,152,6,1,0
1766854590.797507,0x100,101,5,1,0
1766854590.8305326,0x100,153,6,1,0
1766854590.8799958,0x100,102,5,1,0
1766854590.8950922,0x100,154,6,1,0
1766854590.9571004,0x100,103,6,1,0
1766854590.9681795,0x100,155,6,1,0
1766854591.0287457,0x100,104,9,1,0
1766854591.0368023,0x100,156,7,1,0
1766854591.112694,0x100,105,6,1,1
1766854591.1154995,0x100,157,4,1,0
1766854591.1760883,0x100,106,7,1,1
1766854591.1799793,0x100,158,5,1,0
1766854591.2395637,0x100,107,4,1,1
1766854591.2430282,0x100,159,4,1,0
1766854591.3070428,0x100,160,9,1,1
1766854591.3070428,0x100,108,6,1,0
1766854591.3928475,0x100,161,8,1,1
1766854591.394203,0x100,109,6,1,0
1766854591.4738958,0x100,110,5,1,1
1766854591.4754257,0x100,162,5,1,0
1766854591.5474172,0x100,111,4,1,0
1766854591.5516298,0x100,163,4,1,0
1766854591.612736,0x100,112,5,1,0
1766854591.653534,0x100,164,9,1,0
1766854591.6933393,0x100,113,5,1,0
1766854591.7313251,0x100,165,4,1,0
1766854591.7621813,0x100,114,5,1,0
1766854591.8054004,0x100,166,6,1,0
1766854591.8387156,0x100,115,7,1,0
1766854591.8894448,0x100,167,10,1,0
1766854591.9230802,0x100,116,6,1,0
1766854591.955324,0x100,168,6,1,0
1766854591.9908252,0x100,117,6,1,0
1766854592.0208547,0x100,169,6,1,0
1766854592.0540192,0x100,118,8,1,0
1766854592.0873208,0x100,170,6,1,0
1766854592.1272311,0x100,119,6,1,0
1766854592.159092,0x100,171,7,1,0
1766854592.195695,0x100,120,7,1,0
1766854592.2358818,0x100,172,6,1,0
1766854592.2856402,0x100,121,7,1,0
1766854592.3159223,0x100,173,6,1,0
1766854592.3475516,0x100,122,6,1,0
1766854592.379683,0x100,174,6,1,0
1766854592.412351,0x100,123,6,1,0
1766854592.4519768,0x100,175,6,1,0
1766854592.483896,0x100,124,5,1,0
1766854592.5226057,0x100,176,10,1,0
1766854592.5621557,0x100,125,12,1,0
1766854592.5863264,0x100,177,9,1,0
1766854592.6349905,0x100,126,7,1,0
1766854592.6672184,0x100,178,6,1,0
1766854592.7154224,0x100,127,6,1,0
1766854592.7399962,0x100,179,8,1,0
1766854592.7880425,0x100,128,6,1,0
1766854592.8037968,0x100,180,7,1,0
1766854592.8608487,0x100,129,5,1,0
1766854592.876427,0x100,181,7,1,0
1766854592.9355772,0x100,130,11,1,0
1766854592.9516726,0x100,182,10,1,0
1766854593.0080705,0x100,131,8,1,0
1766854593.0245204,0x100,183,9,1,0
1766854593.0925064,0x100,132,7,1,0
1766854593.108137,0x100,184,6,1,0
1766854593.171369,0x100,133,5,1,0
1766854593.1925888,0x100,185,5,1,0
1766854593.2433078,0x100,134,4,1,0
1766854593.258448,0x100,186,6,1,0
1766854593.3325315,0x100,135,6,1,0
1766854593.3468375,0x100,187,6,1,0
1766854593.405233,0x100,136,5,1,0
1766854593.4194064,0x100,188,7,1,0
1766854593.4855962,0x100,137,6,1,0
1766854593.4946039,0x100,189,4,1,0
1766854593.5505974,0x100,138,5,1,0
1766854593.5667336,0x100,190,7,1,0
1766854593.6262493,0x100,139,6,1,0
1766854593.6408157,0x100,191,5,1,0
1766854593.7031832,0x100,140,8,1,0
1766854593.7233305,0x100,192,7,1,0
1766854593.7812903,0x100,141,4,1,0
1766854593.796834,0x100,193,9,1,0
1766854593.848607,0x100,142,9,1,0
1766854593.8648214,0x100,194,6,1,0
1766854593.9129407,0x100,143,7,1,0
1766854593.9284995,0x100,195,6,1,0
1766854593.9852924,0x100,144,7,1,0
1766854594.0030227,0x100,196,10,1,0
1766854594.0652068,0x100,145,6,1,0
1766854594.0725937,0x100,197,6,1,0
1766854594.1416018,0x100,146,6,1,0
1766854594.1509864,0x100,198,7,1,0
1766854594.2075598,0x100,147,7,1,0
1766854594.223385,0x100,199,9,1,0
1766854594.2889304,0x100,148,4,1,0
1766854594.292627,0x100,200,6,1,0
1766854594.369656,0x100,201,7,1,1
1766854594.3709922,0x100,149,3,1,0
1766854594.4544961,0x100,150,5,1,1
1766854594.4565117,0x100,202,4,1,0
1766854594.5211387,0x100,151,5,1,1
1766854594.5211387,0x100,203,3,1,0
1766854594.5853407,0x100,152,5,1,1
1766854594.5853407,0x100,204,3,1,0
1766854594.6600196,0x100,205,5,1,1
1766854594.662087,0x100,153,4,1,0
1766854594.7236602,0x100,206,5,1,1
1766854594.727509,0x100,154,12,1,0
1766854594.7949688,0x100,155,5,1,0
1766854594.7976284,0x100,207,4,1,0
1766854594.8799243,0x100,208,6,1,1
1766854594.881681,0x100,156,4,1,0
1766854594.9451525,0x100,157,6,1,1
1766854594.948695,0x100,209,4,1,0
1766854595.0228415,0x100,158,7,1,1
1766854595.0253687,0x100,210,4,1,0
1766854595.089466,0x100,159,5,1,1
1766854595.092943,0x100,211,3,1,0
1766854595.173252,0x100,160,62,1,1
1766854595.173252,0x100,212,3,1,0
1766854595.2491927,0x100,161,5,1,1
1766854595.2504277,0x100,213,3,1,0
1766854595.3180456,0x100,214,5,1,0
1766854595.322184,0x100,162,3,1,0
1766854595.3930721,0x100,215,6,1,0
1766854595.3949916,0x100,163,3,1,0
1766854595.465772,0x100,216,5,1,1
1766854595.4676654,0x100,164,3,1,0
1766854595.553246,0x100,165,4,1,0
1766854595.5552568,0x100,217,3,1,0
1766854595.6328814,0x100,166,6,1,1
1766854595.6350636,0x100,218,4,1,0
1766854595.707815,0x100,167,5,1,0
1766854595.7188926,0x100,219,5,1,0
1766854595.7885172,0x100,168,6,1,0
1766854595.7968986,0x100,220,4,1,0
1766854595.867107,0x100,221,9,1,1
1766854595.8727043,0x100,169,4,1,0
1766854595.9547625,0x100,170,4,1,1
1766854595.956771,0x100,222,4,1,0
1766854596.0253108,0x100,223,6,1,1
1766854596.0253108,0x100,171,6,1,0
1766854596.1089284,0x100,172,8,1,1
1766854596.1109502,0x100,224,6,1,0
1766854596.1802154,0x100,173,5,1,1
1766854596.181703,0x100,225,3,1,0
1766854596.267483,0x100,226,6,1,0
1766854596.2710607,0x100,174,2,1,0
1766854596.33153,0x100,227,4,1,0
1766854596.347958,0x100,175,6,1,0
1766854596.396575,0x100,228,6,1,0
1766854596.4154227,0x100,176,6,1,0
1766854596.4614508,0x100,229,6,1,0
1766854596.4768217,0x100,177,7,1,0
1766854596.5404472,0x100,230,4,1,0
1766854596.556958,0x100,178,4,1,0
1766854596.6198087,0x100,231,6,1,0
1766854596.6359127,0x100,179,9,1,0
1766854596.7003193,0x100,232,5,1,0
1766854596.7154927,0x100,180,6,1,0
1766854596.7719457,0x100,233,6,1,0
1766854596.7878733,0x100,181,5,1,0
1766854596.8444018,0x100,234,6,1,0
1766854596.8597133,0x100,182,4,1,0
1766854596.9182804,0x100,235,9,1,0
1766854596.9265797,0x100,183,6,1,0
1766854597.0029454,0x100,184,6,1,1
1766854597.0041435,0x100,236,5,1,0
1766854597.0724607,0x100,185,8,1,1
1766854597.0737119,0x100,237,7,1,0
1766854597.1508179,0x100,186,6,1,1
1766854597.1508179,0x100,238,4,1,0
1766854597.2264423,0x100,187,7,1,1
1766854597.2264423,0x100,239,4,1,0
1766854597.2898796,0x100,188,10,1,0
1766854597.3045845,0x100,240,4,1,0
1766854597.3519356,0x100,189,8,1,0
1766854597.391858,0x100,241,7,1,0
1766854597.4400933,0x100,190,7,1,0
1766854597.473654,0x100,242,12,1,0
1766854597.507343,0x100,191,8,1,0
1766854597.541124,0x100,243,11,1,0
1766854597.5758023,0x100,192,5,1,0
1766854597.6205611,0x100,244,48,1,0
1766854597.644227,0x100,193,8,1,0
1766854597.7128532,0x100,194,6,1,0
1766854597.8007913,0x100,195,33,1,0
1766854597.8662722,0x100,196,8,1,0
1766854597.9385567,0x100,197,6,1,0
1766854598.017889,0x100,198,7,1,0
1766854598.085462,0x100,199,6,1,0
1766854598.1617765,0x100,200,7,1,0
1766854598.225774,0x100,201,8,1,0
1766854598.2991478,0x100,202,7,1,0
1766854598.3743622,0x100,203,6,1,0
1766854598.454857,0x100,204,9,1,0
1766854598.520548,0x100,205,7,1,0
1766854598.5941482,0x100,206,4,1,0
1766854598.667828,0x100,207,5,1,0
1766854598.7390635,0x100,208,6,1,0
1766854598.8155992,0x100,209,7,1,0
1766854598.8947396,0x100,210,5,1,0
1766854598.9584773,0x100,211,6,1,0
1766854599.036344,0x100,212,6,1,0
1766854599.103411,0x100,213,5,1,0
1766854599.1889691,0x100,214,6,1,0
1766854599.2621891,0x100,215,7,1,0
1766854599.3371558,0x100,216,7,1,0
1766854599.4091003,0x100,217,6,1,0
1766854599.4844465,0x100,218,5,1,0
1766854599.5539234,0x100,219,7,1,0
1766854599.617903,0x100,220,4,1,0
1766854599.690794,0x100,221,6,1,0
1766854599.7549725,0x100,222,11,1,0
1766854599.821165,0x100,223,5,1,0
1766854599.9114242,0x100,224,5,1,0
1766854599.989266,0x100,225,7,1,0
1766854600.0789993,0x100,226,16,1,0
1766854600.1602626,0x100,227,36,1,0
1766854600.2365055,0x100,228,6,1,0
1766854600.314985,0x100,229,6,1,0
1766854600.3797345,0x100,230,5,1,0
1766854600.451103,0x100,231,4,1,0
1766854600.5281084,0x100,232,5,1,0
1766854600.6111734,0x100,233,6,1,0
1766854600.678585,0x100,234,5,1,0
1766854600.7424588,0x100,235,9,1,0
1766854600.8327074,0x100,236,5,1,0
1766854600.9445422,0x100,237,4,1,0
1766854601.018073,0x100,238,6,1,0
1766854601.0938962,0x100,239,7,1,0
1766854601.1641483,0x100,240,7,1,0
1766854601.25231,0x100,241,10,1,0
1766854601.3176024,0x100,242,6,1,0
1766854601.3825705,0x100,243,7,1,0
1766854601.4542606,0x100,244,6,1,0
1766855395.9862115,0x100,0,5,1,0
1766855396.0532649,0x100,1,14,1,0
1766855396.1176596,0x100,2,14,1,0
1766855396.1813366,0x100,3,11,1,0
1766855396.2427726,0x100,4,6,1,0
1766855396.3236594,0x100,5,7,1,0
1766855396.403743,0x100,6,33,1,0
1766855396.483251,0x100,7,6,1,0
1766855396.5680692,0x100,8,5,1,0
1766855396.6431549,0x100,9,4,1,0
1766855396.7076986,0x100,10,5,1,0
1766855396.7854106,0x100,11,6,1,0
1766855396.8498847,0x100,12,6,1,0
1766855396.914369,0x100,13,6,1,0
1766855397.0039873,0x100,14,4,1,0
1766855397.0733354,0x100,15,6,1,0
1766855397.1538022,0x100,16,5,1,0
1766855397.2339358,0x100,17,8,1,0
1766855397.3135629,0x100,18,6,1,0
1766855397.3781617,0x100,19,5,1,0
1766855397.4455578,0x100,20,9,1,0
1766855397.506631,0x100,21,10,1,0
1766855397.5709624,0x100,22,6,1,0
1766855397.6498847,0x100,23,5,1,0
1766855397.7297256,0x100,24,5,1,0
1766855397.8109622,0x100,25,5,1,0
1766855397.8900387,0x100,26,6,1,0
1766855397.9696872,0x100,27,6,1,0
1766855398.0370464,0x100,28,5,1,0
1766855398.1149724,0x100,29,6,1,0
1766855398.1787918,0x100,30,5,1,0
1766855398.243606,0x100,31,5,1,0
1766855398.323914,0x100,32,5,1,0
1766855398.4035878,0x100,33,8,1,0
1766855398.484585,0x100,34,5,1,0
1766855398.564178,0x100,35,6,1,0
1766855398.6278608,0x100,36,6,1,0
1766855398.6919618,0x100,37,6,1,0
1766855398.7561035,0x100,38,4,1,0
1766855398.8201845,0x100,39,6,1,0
1766855398.9037335,0x100,40,9,1,0
1766855398.9807868,0x100,41,4,1,0
1766855399.066171,0x100,42,7,1,0
1766855399.1407976,0x100,43,4,1,0
1766855399.2213469,0x100,44,6,1,0
1766855399.2849565,0x100,45,6,1,0
1766855399.348943,0x100,46,5,1,0
1766855399.4130158,0x100,47,4,1,0
1766855399.4773517,0x100,48,5,1,0
1766855399.5566227,0x100,49,6,1,0
1766855399.6369193,0x100,50,6,1,0
1766855399.7161064,0x100,51,6,1,0
1766855399.796168,0x100,52,5,1,0
1766855399.8765557,0x100,53,5,1,0
1766855399.9415789,0x100,54,6,1,0
1766855400.0052443,0x100,55,5,1,0
1766855400.06844,0x100,56,6,1,0
1766855400.1316147,0x100,57,6,1,0
1766855400.196064,0x100,58,7,1,0
1766855400.2829225,0x100,59,5,1,0
1766855400.3554945,0x100,60,5,1,0
1766855400.4389343,0x100,61,5,1,0
1766855400.5160365,0x100,62,6,1,0
1766855400.599662,0x100,63,5,1,0
1766855400.6765754,0x100,64,5,1,0
1766855400.7430863,0x100,65,10,1,0
1766855400.8049476,0x100,66,8,1,0
1766855400.8846219,0x100,67,6,1,0
1766855400.9653876,0x100,68,6,1,0
1766855401.0439544,0x100,69,6,1,0
1766855401.1250799,0x100,70,5,1,0
1766855401.205304,0x100,71,6,1,0
1766855401.282328,0x100,72,6,1,0
1766855401.3667634,0x100,73,5,1,0
1766855401.4478095,0x100,74,7,1,0
1766855401.52106,0x100,75,5,1,0
1766855401.5873768,0x100,76,11,1,0
1766855401.6510408,0x100,77,6,1,0
1766855401.7290335,0x100,78,6,1,0
1766855401.806557,0x100,79,6,1,0
1766855401.8937109,0x100,80,5,1,0
1766855401.9661942,0x100,81,5,1,0
1766855402.0478127,0x100,82,9,1,0
1766855402.126512,0x100,83,5,1,0
1766855402.2068293,0x100,84,6,1,0
1766855402.269064,0x100,85,6,1,0
1766855402.334858,0x100,86,6,1,0
1766855402.395803,0x100,87,6,1,0
1766855402.4616442,0x100,88,5,1,0
1766855402.522054,0x100,89,6,1,0
1766855402.589365,0x100,90,6,1,0
1766855402.665815,0x100,91,4,1,0
1766855402.7459064,0x100,92,3,1,0
1766855402.8248754,0x100,93,6,1,0
1766855402.9064026,0x100,94,8,1,0
1766855402.9838722,0x100,95,7,1,0
1766855403.069359,0x100,96,6,1,0
1766855403.1442235,0x100,97,4,1,0
1766855403.22603,0x100,98,5,1,0
1766855403.2878442,0x100,99,6,1,0
1766855403.3542697,0x100,100,4,1,0
1766855403.4302328,0x100,101,6,1,0
1766855403.5127337,0x100,102,7,1,0
1766855403.5911376,0x100,103,5,1,0
1766855403.6743646,0x100,104,6,1,0
1766855403.7486298,0x100,105,5,1,0
1766855403.8288584,0x100,106,4,1,0
1766855403.8928955,0x100,107,6,1,0
1766855403.9579673,0x100,108,4,1,0
1766855404.0214121,0x100,109,4,1,0
1766855404.0848176,0x100,110,5,1,0
1766855404.1511745,0x100,111,6,1,0
1766855404.2309554,0x100,112,6,1,0
1766855404.311977,0x100,113,7,1,0
1766855404.3883684,0x100,114,4,1,0
1766855404.4706938,0x100,115,4,1,0
1766855404.5478308,0x100,116,5,1,0
1766855404.6326349,0x100,117,5,1,0
1766855404.7080526,0x100,118,4,1,0
1766855404.787301,0x100,119,6,1,0
1766855404.8516364,0x100,120,4,1,0
1766855404.9165404,0x100,121,5,1,0
1766855404.994698,0x100,122,5,1,0
1766855405.078689,0x100,123,6,1,0
1766855405.152248,0x100,124,5,1,0
1766855405.2306602,0x100,125,5,1,0
1766855405.3135931,0x100,126,9,1,0
1766855405.3907676,0x100,127,5,1,0
1766855405.4734747,0x100,128,6,1,0
1766855405.5358396,0x100,129,5,1,0
1766855405.6000805,0x100,130,6,1,0
1766855405.6658194,0x100,131,9,1,0
1766855405.7463887,0x100,132,11,1,0
1766855405.8242347,0x100,133,5,1,0
1766855405.9060037,0x100,134,4,1,0
1766855405.9819043,0x100,135,3,1,0
1766855406.0638003,0x100,136,3,1,0
1766855406.1409602,0x100,137,4,1,0
1766855406.234281,0x100,138,3,1,0
1766855406.2439747,0x100,0,4,1,0
1766855406.3174193,0x100,1,10,1,1
1766855406.3205004,0x100,139,7,1,0
1766855406.3791502,0x100,2,8,1,1
1766855406.3835926,0x100,140,4,1,0
1766855406.442194,0x100,141,6,1,1
1766855406.4454267,0x100,3,4,1,0
1766855406.506238,0x100,142,6,1,1
1766855406.508798,0x100,4,5,1,0
1766855406.5695,0x100,143,5,1,1
1766855406.5739548,0x100,5,4,1,0
1766855406.6333835,0x100,6,6,1,1
1766855406.636271,0x100,144,3,1,0
1766855406.7123349,0x100,7,5,1,1
1766855406.7123349,0x100,145,4,1,0
1766855406.795719,0x100,146,5,1,1
1766855406.7986097,0x100,8,4,1,0
1766855406.8728456,0x100,147,6,1,1
1766855406.8728456,0x100,9,4,1,0
1766855406.9528635,0x100,148,9,1,1
1766855406.9561157,0x100,10,4,1,0
1766855407.036224,0x100,11,7,1,1
1766855407.0379014,0x100,149,5,1,0
1766855407.098919,0x100,150,6,1,1
1766855407.1016586,0x100,12,4,1,0
1766855407.1631377,0x100,151,5,1,1
1766855407.1642187,0x100,13,3,1,0
1766855407.2264452,0x100,14,6,1,1
1766855407.2293167,0x100,152,4,1,0
1766855407.3073297,0x100,153,5,1,1
1766855407.3101802,0x100,15,4,1,0
1766855407.386202,0x100,16,4,1,1
1766855407.388642,0x100,154,4,1,0
1766855407.4660566,0x100,17,6,1,1
1766855407.4660566,0x100,155,4,1,0
1766855407.5466766,0x100,156,5,1,1
1766855407.5493479,0x100,18,3,1,0
1766855407.6274583,0x100,19,5,1,1
1766855407.630011,0x100,157,3,1,0
1766855407.6931121,0x100,20,5,1,1
1766855407.694208,0x100,158,3,1,0
1766855407.757026,0x100,21,6,1,0
1766855407.7648344,0x100,159,3,1,0
1766855407.8365755,0x100,160,7,1,1
1766855407.8365755,0x100,22,4,1,0
1766855407.8974302,0x100,23,5,1,1
1766855407.8974302,0x100,161,3,1,0
1766855407.9632761,0x100,24,7,1,1
1766855407.9652982,0x100,162,4,1,0
1766855408.0410204,0x100,163,5,1,1
1766855408.0410204,0x100,25,4,1,0
1766855408.120634,0x100,164,6,1,1
1766855408.123494,0x100,26,4,1,0
1766855408.2024813,0x100,27,5,1,0
1766855408.2067354,0x100,165,4,1,0
1766855408.280346,0x100,166,4,1,0
1766855408.2828622,0x100,28,3,1,0
1766855408.3622205,0x100,29,5,1,0
1766855408.3641133,0x100,167,3,1,0
1766855408.4375548,0x100,168,4,1,1
1766855408.4399164,0x100,30,4,1,0
1766855408.518299,0x100,169,4,1,0
1766855408.518299,0x100,31,3,1,0
1766855408.5698855,0x100,0,4,1,0
1766855408.5960593,0x100,32,4,1,1
1766855408.5960593,0x100,170,4,1,0
1766855408.6435044,0x100,1,5,1,0
1766855408.6597621,0x100,33,5,1,1
1766855408.6622846,0x100,171,5,1,0
1766855408.7083313,0x100,2,5,1,0
1766855408.7232606,0x100,34,6,1,1
1766855408.7271233,0x100,172,4,1,0
1766855408.7717662,0x100,3,6,1,0
1766855408.7874494,0x100,35,5,1,1
1766855408.7874494,0x100,173,3,1,0
1766855408.8348882,0x100,4,5,1,0
1766855408.8505151,0x100,36,6,1,1
1766855408.8550732,0x100,174,3,1,0
1766855408.9133587,0x100,5,6,1,1
1766855408.915476,0x100,37,3,1,1
1766855408.915476,0x100,175,3,1,0
1766855408.9779649,0x100,176,5,1,1
1766855408.9818137,0x100,6,3,1,1
1766855408.9833999,0x100,38,3,1,0
1766855409.0582063,0x100,7,5,1,2
1766855409.0601306,0x100,39,3,1,1
1766855409.0601306,0x100,177,3,1,0
1766855409.1400764,0x100,8,5,1,1
1766855409.1422906,0x100,40,3,1,1
1766855409.1443484,0x100,178,3,1,0
1766855409.219523,0x100,9,6,1,2
1766855409.22247,0x100,41,4,1,1
1766855409.22247,0x100,179,3,1,0
1766855409.2960694,0x100,10,4,1,2
1766855409.2982247,0x100,42,5,1,1
1766855409.2987337,0x100,180,3,1,0
1766855409.383551,0x100,11,5,1,2
1766855409.3859894,0x100,181,3,1,1
1766855409.3859894,0x100,43,3,1,0
1766855409.4580128,0x100,44,7,1,1
1766855409.462896,0x100,182,5,1,1
1766855409.4639072,0x100,12,4,1,0
1766855409.5227628,0x100,45,7,1,0
1766855409.535935,0x100,13,7,1,1
1766855409.535935,0x100,183,4,1,0
1766855409.5849566,0x100,46,5,1,0
1766855409.5990078,0x100,14,5,1,1
1766855409.6021953,0x100,184,3,1,0
1766855409.6471138,0x100,47,6,1,0
1766855409.6642373,0x100,185,6,1,1
1766855409.6664307,0x100,15,4,1,0
1766855409.711934,0x100,48,9,1,0
1766855409.745234,0x100,16,9,1,1
1766855409.7501578,0x100,186,5,1,0
1766855409.8055336,0x100,49,7,1,0
1766855409.8292098,0x100,187,5,1,0
1766855409.8313804,0x100,17,4,1,0
1766855409.8860838,0x100,50,5,1,0
1766855409.9010713,0x100,18,6,1,1
1766855409.9010713,0x100,188,4,1,0
1766855409.965276,0x100,51,5,1,0
1766855409.9804623,0x100,19,4,1,1
1766855409.9804623,0x100,189,3,1,0
1766855410.044471,0x100,52,8,1,0
1766855410.0604982,0x100,20,6,1,1
1766855410.0604982,0x100,190,6,1,0
1766855410.1237032,0x100,53,11,1,0
1766855410.1430035,0x100,21,7,1,1
1766855410.146204,0x100,191,6,1,0
1766855410.2034998,0x100,54,8,1,0
1766855410.2204173,0x100,192,6,1,1
1766855410.2216861,0x100,22,5,1,0
1766855410.2826185,0x100,55,7,1,0
1766855410.2982116,0x100,23,4,1,1
1766855410.3007724,0x100,193,4,1,0
1766855410.3642337,0x100,56,6,1,2
1766855410.366425,0x100,24,3,1,1
1766855410.3675077,0x100,194,2,1,0
1766855410.4276962,0x100,25,6,1,1
1766855410.4304461,0x100,57,4,1,1
1766855410.4336164,0x100,195,4,1,0
1766855410.4920757,0x100,26,8,1,1
1766855410.49613,0x100,58,4,1,0
1766855410.5146766,0x100,196,6,1,0
1766855410.573636,0x100,59,9,1,1
1766855410.5815086,0x100,27,5,1,0
1766855410.5866032,0x100,197,5,1,0
1766855410.6523468,0x100,60,6,1,1
1766855410.6537027,0x100,28,4,1,0
1766855410.6672754,0x100,198,5,1,0
1766855410.7300544,0x100,61,6,1,1
1766855410.734719,0x100,29,5,1,0
1766855410.7507489,0x100,199,6,1,0
1766855410.8144095,0x100,30,6,1,0
1766855410.818453,0x100,62,3,1,0
1766855410.8243034,0x100,200,5,1,0
1766855410.8880255,0x100,31,9,1,1
1766855410.8880255,0x100,63,5,1,0
1766855410.9042206,0x100,201,7,1,0
1766855410.9682248,0x100,32,4,1,1
1766855410.9697804,0x100,64,3,1,0
1766855410.9839938,0x100,202,5,1,0
1766855411.0451684,0x100,65,6,1,1
1766855411.0451684,0x100,33,5,1,0
1766855411.0633402,0x100,203,12,1,0
1766855411.1257484,0x100,34,9,1,1
1766855411.1299286,0x100,66,7,1,0
1766855411.1431384,0x100,204,8,1,0
1766855411.2042966,0x100,35,5,1,1
1766855411.209602,0x100,67,5,1,0
1766855411.2187135,0x100,205,4,1,0
1766855411.281731,0x100,36,5,1,1
1766855411.281731,0x100,68,5,1,0
1766855411.29953,0x100,206,29,1,0
1766855411.3666914,0x100,37,4,1,1
1766855411.3689635,0x100,69,4,1,0
1766855411.3777473,0x100,207,4,1,0
1766855411.4429686,0x100,38,7,1,2
1766855411.4484544,0x100,70,5,1,1
1766855411.4515393,0x100,208,4,1,0
1766855411.5043886,0x100,71,6,1,0
1766855411.5220442,0x100,39,7,1,1
1766855411.5273433,0x100,209,5,1,0
1766855411.5699055,0x100,72,8,1,0
1766855411.6009464,0x100,40,6,1,1
1766855411.602329,0x100,210,4,1,0
1766855411.6332703,0x100,73,6,1,0
1766855411.662671,0x100,41,5,1,1
1766855411.6661136,0x100,211,5,1,0
1766855411.7109478,0x100,74,4,1,0
1766855411.7258036,0x100,212,6,1,0
1766855411.7336457,0x100,42,6,1,0
1766855411.791467,0x100,75,7,1,1
1766855411.791467,0x100,213,6,1,0
1766855411.8067968,0x100,43,6,1,0
1766855411.8702703,0x100,76,5,1,1
1766855411.87231,0x100,214,4,1,0
1766855411.883822,0x100,44,6,1,0
1766855411.950809,0x100,77,9,1,0
1766855411.9543972,0x100,215,6,1,0
1766855411.964912,0x100,45,6,1,0
1766855412.027979,0x100,216,37,1,1
1766855412.0328224,0x100,78,6,1,0
1766855412.0465796,0x100,46,5,1,0
1766855412.1099212,0x100,79,11,1,1
1766855412.1141994,0x100,217,7,1,0
1766855412.125949,0x100,47,5,1,0
1766855412.1894515,0x100,80,4,1,1
1766855412.1917114,0x100,218,4,1,0
1766855412.2019043,0x100,48,4,1,0
1766855412.266422,0x100,81,6,1,1
1766855412.2701814,0x100,219,4,1,0
1766855412.2822895,0x100,49,6,1,0
1766855412.346478,0x100,50,6,1,2
1766855412.3507931,0x100,82,4,1,1
1766855412.3540726,0x100,220,4,1,0
1766855412.4096656,0x100,83,5,1,2
1766855412.4116762,0x100,51,3,1,1
1766855412.413277,0x100,221,2,1,0
1766855412.4788208,0x100,52,4,1,2
1766855412.48323,0x100,84,4,1,1
1766855412.48761,0x100,222,6,1,0
1766855412.5521057,0x100,53,4,1,2
1766855412.5544815,0x100,85,3,1,1
1766855412.5544815,0x100,223,3,1,0
1766855412.6146667,0x100,54,3,1,2
1766855412.6146667,0x100,86,3,1,1
1766855412.6146667,0x100,224,3,1,0
1766855412.6799586,0x100,55,4,1,2
1766855412.6824808,0x100,87,4,1,1
1766855412.6836581,0x100,225,2,1,0
1766855412.7573137,0x100,226,5,1,2
1766855412.7573137,0x100,88,4,1,1
1766855412.7596493,0x100,56,3,1,0
1766855412.8192499,0x100,57,7,1,2
1766855412.8192499,0x100,89,5,1,1
1766855412.8244698,0x100,227,4,1,0
1766855412.8827388,0x100,58,6,1,2
1766855412.8878002,0x100,90,4,1,1
1766855412.8878002,0x100,228,4,1,0
1766855412.9644873,0x100,59,6,1,2
1766855412.9656286,0x100,91,4,1,1
1766855412.967552,0x100,229,5,1,0
1766855413.0431912,0x100,60,4,1,2
1766855413.0444155,0x100,92,3,1,1
1766855413.0451744,0x100,230,3,1,0
1766855413.1218455,0x100,61,5,1,2
1766855413.1238596,0x100,93,3,1,1
1766855413.1238596,0x100,231,3,1,0
1766855413.2021148,0x100,62,5,1,2
1766855413.205035,0x100,94,4,1,1
1766855413.2056339,0x100,232,3,1,0
1766855413.2832072,0x100,95,5,1,1
1766855413.2842934,0x100,63,5,1,1
1766855413.2867997,0x100,233,5,1,0
1766855413.3634107,0x100,64,6,1,1
1766855413.3645136,0x100,234,4,1,1
1766855413.367016,0x100,96,4,1,0
1766855413.426428,0x100,65,6,1,1
1766855413.4275644,0x100,235,3,1,0
1766855413.441121,0x100,97,6,1,0
1766855413.4891806,0x100,236,7,1,1
1766855413.4919865,0x100,66,3,1,0
1766855413.5052667,0x100,98,5,1,0
1766855413.5544448,0x100,237,4,1,1
1766855413.5555456,0x100,67,3,1,0
1766855413.5696168,0x100,99,6,1,0
1766855413.6170022,0x100,238,6,1,1
1766855413.619988,0x100,68,4,1,0
1766855413.6328077,0x100,100,6,1,0
1766855413.698016,0x100,69,5,1,1
1766855413.698016,0x100,239,3,1,0
1766855413.7131777,0x100,101,6,1,0
1766855413.7778165,0x100,240,6,1,1
1766855413.7803488,0x100,70,4,1,0
1766855413.7929528,0x100,102,6,1,0
1766855413.8599439,0x100,241,6,1,1
1766855413.8599439,0x100,71,3,1,0
1766855413.8737457,0x100,103,3,1,0
1766855413.9391522,0x100,72,5,1,1
1766855413.9391522,0x100,242,4,1,0
1766855413.9552808,0x100,104,5,1,0
1766855414.0197039,0x100,243,5,1,2
1766855414.020232,0x100,73,3,1,1
1766855414.0215886,0x100,105,3,1,0
1766855414.0829911,0x100,244,5,1,2
1766855414.0841358,0x100,74,3,1,1
1766855414.0841358,0x100,106,3,1,0
1766855414.146529,0x100,245,6,1,1
1766855414.1481886,0x100,75,4,1,1
1766855414.1481886,0x100,107,3,1,0
1766855414.2110112,0x100,246,6,1,1
1766855414.212518,0x100,76,4,1,1
1766855414.212518,0x100,108,4,1,0
1766855414.272802,0x100,247,6,1,1
1766855414.272802,0x100,77,3,1,0
1766855414.2888317,0x100,109,5,1,0
1766855414.3363075,0x100,248,6,1,1
1766855414.3393712,0x100,78,4,1,0
1766855414.368119,0x100,110,6,1,0
1766855414.4159431,0x100,79,5,1,1
1766855414.4187014,0x100,249,3,1,0
1766855414.4501467,0x100,111,6,1,0
1766855414.4954426,0x100,80,4,1,1
1766855414.4982412,0x100,250,3,1,0
1766855414.527013,0x100,112,5,1,0
1766855414.5766182,0x100,81,6,1,1
1766855414.5766182,0x100,251,5,1,0
1766855414.6078408,0x100,113,4,1,0
1766855414.6557841,0x100,252,6,1,1
1766855414.658612,0x100,82,4,1,0
1766855414.6882093,0x100,114,5,1,0
1766855414.7366257,0x100,83,6,1,1
1766855414.7392092,0x100,253,4,1,0
1766855414.768513,0x100,115,6,1,0
1766855414.801854,0x100,254,5,1,1
1766855414.803704,0x100,84,4,1,0
1766855414.831801,0x100,116,7,1,0
1766855414.866891,0x100,0,11,1,1
1766855414.8716805,0x100,85,6,1,0
1766855414.8964312,0x100,117,9,1,0
1766855414.9448135,0x100,1,6,1,1
1766855414.9474623,0x100,86,4,1,0
1766855414.959715,0x100,118,5,1,0
1766855415.0071962,0x100,2,6,1,1
1766855415.0071962,0x100,87,3,1,0
1766855415.0231152,0x100,119,5,1,0
1766855415.0714843,0x100,88,5,1,1
1766855415.0746102,0x100,3,3,1,0
1766855415.1035197,0x100,120,4,1,0
1766855415.1509893,0x100,4,7,1,1
1766855415.1541734,0x100,89,4,1,0
1766855415.183413,0x100,121,6,1,0
1766855415.234082,0x100,5,11,1,1
1766855415.2382016,0x100,90,5,1,0
1766855415.2637756,0x100,122,8,1,0
1766855415.31286,0x100,91,5,1,1
1766855415.315527,0x100,6,3,1,0
1766855415.3449676,0x100,123,5,1,0
1766855415.3919225,0x100,92,7,1,1
1766855415.3919225,0x100,7,4,1,0
1766855415.425715,0x100,124,6,1,0
1766855415.471115,0x100,93,7,1,1
1766855415.4737,0x100,8,4,1,0
1766855415.5048208,0x100,125,6,1,0
1766855415.5355132,0x100,9,6,1,1
1766855415.5383787,0x100,94,4,1,0
1766855415.5684147,0x100,126,7,1,0
1766855415.5998085,0x100,10,6,1,1
1766855415.6027436,0x100,95,4,1,0
1766855415.6315145,0x100,127,6,1,0
1766855415.6634798,0x100,11,6,1,1
1766855415.666514,0x100,96,4,1,0
1766855415.6952772,0x100,128,6,1,0
1766855415.726769,0x100,97,6,1,1
1766855415.7297065,0x100,12,4,1,0
1766855415.7752514,0x100,129,6,1,0
1766855415.8067665,0x100,98,6,1,1
1766855415.8098986,0x100,13,4,1,0
1766855415.8545003,0x100,130,6,1,0
1766855415.8890405,0x100,14,5,1,1
1766855415.8915648,0x100,99,3,1,0
1766855415.9343722,0x100,131,5,1,0
1766855415.966655,0x100,15,5,1,1
1766855415.969302,0x100,100,3,1,0
1766855416.014652,0x100,132,5,1,0
1766855416.0470948,0x100,101,5,1,1
1766855416.050205,0x100,16,5,1,0
1766855416.0953631,0x100,133,6,1,0
1766855416.1272147,0x100,17,7,1,1
1766855416.1300604,0x100,102,4,1,0
1766855416.16117,0x100,134,6,1,0
1766855416.1917942,0x100,18,6,1,1
1766855416.1948245,0x100,103,4,1,0
1766855416.2230942,0x100,135,6,1,0
1766855416.2545884,0x100,19,6,1,1
1766855416.25751,0x100,104,4,1,0
1766855416.286812,0x100,136,6,1,0
1766855416.318801,0x100,20,6,1,1
1766855416.321858,0x100,105,3,1,0
1766855416.3506718,0x100,137,6,1,0
1766855416.383035,0x100,21,5,1,1
1766855416.3858314,0x100,106,4,1,0
1766855416.4154491,0x100,138,5,1,0
1766855416.463481,0x100,22,5,1,1
1766855416.4661078,0x100,107,3,1,0
1766855416.495946,0x100,139,5,1,0
1766855416.543175,0x100,23,5,1,1
1766855416.5461524,0x100,108,4,1,0
1766855416.5755174,0x100,140,6,1,0
1766855416.6233459,0x100,24,9,1,1
1766855416.628505,0x100,109,6,1,0
1766855416.6575806,0x100,141,9,1,0
1766855416.7054367,0x100,110,7,1,0
1766855416.7097335,0x100,25,4,1,0
1766855416.735897,0x100,142,5,1,0
1766855416.7832708,0x100,26,6,1,1
1766855416.785942,0x100,111,4,1,0
1766855416.799466,0x100,143,7,1,0
1766855416.847552,0x100,112,7,1,1
1766855416.8500862,0x100,27,4,1,0
1766855416.8637056,0x100,144,6,1,0
1766855416.911658,0x100,28,6,1,1
1766855416.9143758,0x100,113,4,1,0
1766855416.9281223,0x100,145,3,1,0
1766855416.9766572,0x100,29,7,1,1
1766855416.9766572,0x100,114,5,1,0
1766855417.0122864,0x100,146,10,1,0
1766855417.0570228,0x100,30,8,1,1
1766855417.060881,0x100,115,5,1,0
1766855417.089499,0x100,147,4,1,0
1766855417.1384223,0x100,31,4,1,1
1766855417.1416094,0x100,116,25,1,0
1766855417.1696687,0x100,148,6,1,0
1766855417.2165642,0x100,32,6,1,1
1766855417.219729,0x100,117,3,1,0
1766855417.2489717,0x100,149,5,1,0
1766855417.297155,0x100,33,5,1,1
1766855417.2997901,0x100,118,3,1,0
1766855417.329983,0x100,150,6,1,0
1766855417.3620665,0x100,34,5,1,1
1766855417.3654313,0x100,119,3,1,0
1766855417.4071448,0x100,151,6,1,0
1766855417.4401646,0x100,120,6,1,0
1766855417.4463112,0x100,35,4,1,0
1766855417.4894242,0x100,152,6,1,0
1766855417.5206654,0x100,36,6,1,1
1766855417.5236304,0x100,121,5,1,0
1766855417.567579,0x100,153,10,1,0
1766855417.6009207,0x100,122,6,1,0
1766855417.6029766,0x100,37,3,1,0
1766855417.6317656,0x100,154,10,1,0
1766855417.6817098,0x100,38,7,1,1
1766855417.6854603,0x100,123,5,1,0
1766855417.6939402,0x100,155,5,1,0
1766855417.7598903,0x100,39,8,1,2
1766855417.761568,0x100,124,6,1,1
1766855417.764769,0x100,156,4,1,0
1766855417.837303,0x100,157,4,1,1
1766855417.8394544,0x100,125,4,1,1
1766855417.8403447,0x100,40,4,1,0
1766855417.945421,0x100,126,9,1,2
1766855417.9653826,0x100,41,6,1,1
1766855417.9735506,0x100,158,7,1,0
1766855418.0980499,0x100,42,6,1,2
1766855418.1107862,0x100,127,4,1,1
1766855418.1215842,0x100,159,6,1,0
1766855418.1317158,0x100,43,6,1,2
1766855418.1397872,0x100,128,6,1,1
1766855418.1455832,0x100,160,6,1,0
1766855418.2026353,0x100,44,3,1,2
1766855418.2026353,0x100,129,3,1,1
1766855418.2026353,0x100,161,2,1,0
1766855418.2835183,0x100,130,9,1,2
1766855418.2871745,0x100,45,7,1,1
1766855418.2893376,0x100,162,5,1,0
1766855418.3614993,0x100,46,5,1,2
1766855418.3643296,0x100,131,3,1,1
1766855418.3643296,0x100,163,3,1,0
1766855418.4269106,0x100,132,5,1,2
1766855418.4286773,0x100,47,4,1,1
1766855418.4304605,0x100,164,3,1,0
1766855418.4894376,0x100,48,6,1,2
1766855418.4917665,0x100,165,4,1,1
1766855418.492794,0x100,133,4,1,0
1766855418.5547354,0x100,166,5,1,2
1766855418.5547354,0x100,49,3,1,1
1766855418.5567913,0x100,134,3,1,0
1766855418.617012,0x100,135,5,1,1
1766855418.6198356,0x100,167,3,1,0
1766855418.6325386,0x100,50,4,1,0
1766855418.6969185,0x100,136,6,1,1
1766855418.6998627,0x100,168,3,1,0
1766855418.7130394,0x100,51,6,1,0
1766855418.7757645,0x100,137,5,1,1
1766855418.7778077,0x100,169,4,1,0
1766855418.7916024,0x100,52,5,1,0
1766855418.8559113,0x100,170,3,1,1
1766855418.8571498,0x100,138,3,1,0
1766855418.8705993,0x100,53,3,1,0
1766855418.935253,0x100,139,4,1,1
1766855418.935764,0x100,171,4,1,0
1766855418.949443,0x100,54,5,1,0
1766855419.0145297,0x100,172,4,1,1
1766855419.0161843,0x100,140,29,1,0
1766855419.0286517,0x100,55,4,1,0
1766855419.0935574,0x100,173,4,1,1
1766855419.1039283,0x100,141,5,1,0
1766855419.1086428,0x100,56,4,1,0
1766855419.1712017,0x100,174,4,1,1
1766855419.1712017,0x100,142,4,1,0
1766855419.1881607,0x100,57,4,1,0
1766855419.2537901,0x100,143,9,1,1
1766855419.2563663,0x100,175,8,1,0
1766855419.2689674,0x100,58,7,1,0
1766855419.3300557,0x100,144,6,1,1
1766855419.334241,0x100,176,5,1,0
1766855419.3459268,0x100,59,8,1,0
1766855419.3968022,0x100,145,5,1,1
1766855419.3968022,0x100,177,5,1,0
1766855419.4101017,0x100,60,8,1,0
1766855419.4602633,0x100,146,5,1,1
1766855419.4630692,0x100,178,5,1,0
1766855419.474073,0x100,61,5,1,0
1766855419.5220096,0x100,179,6,1,0
1766855419.5373049,0x100,62,8,1,1
1766855419.5393324,0x100,147,8,1,0
1766855419.5852196,0x100,180,4,1,0
1766855419.6034176,0x100,63,6,1,1
1766855419.605084,0x100,148,5,1,0
1766855419.648403,0x100,181,6,1,0
1766855419.665184,0x100,64,6,1,0
1766855419.6810002,0x100,149,5,1,0
1766855419.7310593,0x100,182,6,1,0
1766855419.7458465,0x100,65,5,1,0
1766855419.7606082,0x100,150,5,1,0
1766855419.8073716,0x100,183,5,1,0
1766855419.8251355,0x100,66,5,1,0
1766855419.8421755,0x100,151,45,1,0
1766855419.8888133,0x100,184,5,1,0
1766855419.904377,0x100,67,5,1,0
1766855419.9213052,0x100,152,6,1,0
1766855419.9678888,0x100,185,4,1,0
1766855419.986486,0x100,68,5,1,0
1766855420.0015042,0x100,153,6,1,0
1766855420.05084,0x100,186,8,1,0
1766855420.0657456,0x100,69,8,1,0
1766855420.07941,0x100,154,5,1,0
1766855420.111701,0x100,187,6,1,0
1766855420.143229,0x100,70,6,1,0
1766855420.1589258,0x100,155,3,1,0
1766855420.174641,0x100,188,5,1,0
1766855420.2071924,0x100,71,6,1,0
1766855420.2228534,0x100,156,5,1,0
1766855420.2400334,0x100,189,5,1,0
1766855420.272215,0x100,72,6,1,0
1766855420.2887976,0x100,157,5,1,0
1766855420.3021317,0x100,190,5,1,0
1766855420.335178,0x100,73,7,1,0
1766855420.3509638,0x100,158,8,1,0
1766855420.367996,0x100,191,6,1,0
1766855420.399408,0x100,74,5,1,0
1766855420.4164257,0x100,159,6,1,0
1766855420.4477968,0x100,192,5,1,0
1766855420.4797513,0x100,75,5,1,0
1766855420.4951558,0x100,160,6,1,0
1766855420.5441997,0x100,193,8,1,0
1766855420.5538473,0x100,76,5,1,0
1766855420.5748951,0x100,161,7,1,0
1766855420.6226609,0x100,194,4,1,1
1766855420.6226609,0x100,77,3,1,0
1766855420.6542516,0x100,162,5,1,0
1766855420.7013228,0x100,78,6,1,0
1766855420.703472,0x100,195,5,1,0
1766855420.7329109,0x100,163,4,1,0
1766855420.7815087,0x100,79,4,1,1
1766855420.7825782,0x100,196,6,1,0
1766855420.8129885,0x100,164,4,1,0
1766855420.8585951,0x100,80,4,1,1
1766855420.860589,0x100,197,4,1,0
1766855420.8904119,0x100,165,5,1,0
1766855420.92746,0x100,0,5,1,0
1766855420.9380188,0x100,81,5,1,1
1766855420.9401753,0x100,198,3,1,0
1766855420.9702547,0x100,166,6,1,0
1766855421.002336,0x100,82,5,1,2
1766855421.004355,0x100,1,3,1,1
1766855421.0063689,0x100,199,3,1,0
1766855421.0341213,0x100,167,6,1,0
1766855421.066086,0x100,83,5,1,2
1766855421.0688698,0x100,2,3,1,1
1766855421.0705392,0x100,200,3,1,0
1766855421.0977926,0x100,168,35,1,0
1766855421.1296077,0x100,3,6,1,2
1766855421.132409,0x100,84,3,1,1
1766855421.132409,0x100,201,4,1,0
1766855421.161463,0x100,169,6,1,0
1766855421.1932979,0x100,202,5,1,2
1766855421.1954503,0x100,4,3,1,1
1766855421.1954503,0x100,85,3,1,0
1766855421.2249553,0x100,170,4,1,0
1766855421.2577717,0x100,86,4,1,0
1766855421.2602992,0x100,5,4,1,1
1766855421.261821,0x100,203,3,1,0
1766855421.2884595,0x100,171,5,1,0
1766855421.3204298,0x100,87,5,1,0
1766855421.3380165,0x100,6,6,1,1
1766855421.3380165,0x100,204,3,1,0
1766855421.3518744,0x100,172,7,1,0
1766855421.4009595,0x100,88,6,1,0
1766855421.41637,0x100,7,9,1,1
1766855421.41637,0x100,205,6,1,0
1766855421.4330444,0x100,173,9,1,0
1766855421.4802015,0x100,89,4,1,0
1766855421.4959884,0x100,206,5,1,1
1766855421.4987159,0x100,8,3,1,0
1766855421.51113,0x100,174,7,1,0
1766855421.5607965,0x100,90,6,1,0
1766855421.5756023,0x100,207,5,1,1
1766855421.5756023,0x100,9,4,1,0
1766855421.5945537,0x100,175,3,1,0
1766855421.6388757,0x100,91,6,1,0
1766855421.655361,0x100,10,7,1,1
1766855421.659922,0x100,208,6,1,0
1766855421.670595,0x100,176,8,1,0
1766855421.718379,0x100,92,7,1,0
1766855421.7361808,0x100,209,5,1,0
1766855421.7410135,0x100,11,4,1,0
1766855421.7514834,0x100,177,6,1,0
1766855421.7991285,0x100,93,6,1,0
1766855421.8147423,0x100,12,6,1,1
1766855421.8178542,0x100,210,4,1,0
1766855421.830337,0x100,178,7,1,0
1766855421.863195,0x100,94,6,1,0
1766855421.8798265,0x100,13,5,1,1
1766855421.8811467,0x100,211,6,1,0
1766855421.8950694,0x100,179,5,1,0
1766855421.927142,0x100,95,7,1,0
1766855421.944927,0x100,212,7,1,1
1766855421.9466012,0x100,14,5,1,0
1766855421.960893,0x100,180,6,1,0
1766855421.9926012,0x100,96,10,1,0
1766855422.0093393,0x100,15,10,1,1
1766855422.013658,0x100,213,6,1,0
1766855422.043844,0x100,181,6,1,0
1766855422.0708244,0x100,97,5,1,0
1766855422.089872,0x100,16,8,1,1
1766855422.0909495,0x100,214,6,1,0
1766855422.1194558,0x100,182,9,1,0
1766855422.1501117,0x100,98,5,1,0
1766855422.165289,0x100,17,6,1,1
1766855422.1681483,0x100,215,4,1,0
1766855422.1990156,0x100,183,4,1,0
1766855422.2295575,0x100,99,5,1,0
1766855422.2461655,0x100,18,5,1,1
1766855422.249369,0x100,216,3,1,0
1766855422.2776625,0x100,184,6,1,0
1766855422.3117,0x100,100,5,1,0
1766855422.3277428,0x100,217,8,1,1
1766855422.3304653,0x100,19,4,1,0
1766855422.3573475,0x100,185,5,1,0
1766855422.3874037,0x100,101,4,1,0
1766855422.4047446,0x100,20,6,1,1
1766855422.407327,0x100,218,4,1,0
1766855422.4352727,0x100,186,5,1,0
1766855422.469364,0x100,102,5,1,0
1766855422.4837272,0x100,21,5,1,1
1766855422.487266,0x100,219,3,1,0
1766855422.5170262,0x100,187,5,1,0
1766855422.5476391,0x100,103,76,1,0
1766855422.5652192,0x100,22,5,1,1
1766855422.5672722,0x100,220,3,1,0
1766855422.5815208,0x100,188,5,1,0
1766855422.6285481,0x100,104,5,1,0
1766855422.6442564,0x100,23,6,1,1
1766855422.6465273,0x100,221,3,1,0
1766855422.6609895,0x100,189,6,1,0
1766855422.6898088,0x100,105,16,1,0
1766855422.7089233,0x100,24,5,1,1
1766855422.7116091,0x100,222,3,1,0
1766855422.7255905,0x100,190,6,1,0
1766855422.7547224,0x100,106,5,1,0
1766855422.7886372,0x100,191,5,1,1
1766855422.7908404,0x100,25,3,1,1
1766855422.7938457,0x100,223,3,1,0
1766855422.8204362,0x100,107,6,1,0
1766855422.853344,0x100,224,5,1,1
1766855422.854156,0x100,26,4,1,1
1766855422.8569448,0x100,192,3,1,0
1766855422.8997204,0x100,108,5,1,0
1766855422.9316237,0x100,193,5,1,1
1766855422.9346545,0x100,27,5,1,1
1766855422.935167,0x100,225,4,1,0
1766855422.9791384,0x100,109,6,1,0
1766855423.0132132,0x100,28,6,1,1
1766855423.014516,0x100,226,4,1,1
1766855423.0161378,0x100,194,3,1,0
1766855423.060938,0x100,110,5,1,0
1766855423.0922153,0x100,227,5,1,0
1766855423.0980384,0x100,195,3,1,1
1766855423.099962,0x100,29,3,1,0
1766855423.1387148,0x100,111,5,1,0
1766855423.1728709,0x100,196,4,1,1
1766855423.1756358,0x100,30,4,1,1
1766855423.1764925,0x100,228,3,1,0
1766855423.2198331,0x100,112,4,1,0
1766855423.2502944,0x100,31,5,1,2
1766855423.2529845,0x100,197,3,1,1
1766855423.2550077,0x100,229,3,1,0
1766855423.2982407,0x100,113,5,1,0
1766855423.3318121,0x100,198,7,1,2
1766855423.3337762,0x100,32,4,1,1
1766855423.3365862,0x100,230,3,1,0
1766855423.3805196,0x100,114,5,1,0
1766855423.3949394,0x100,199,5,1,2
1766855423.3971133,0x100,33,3,1,1
1766855423.4088013,0x100,231,6,1,0
1766855423.444702,0x100,115,7,1,0
1766855423.4618537,0x100,34,9,1,1
1766855423.4645782,0x100,200,4,1,1
1766855423.4663928,0x100,232,4,1,0
1766855423.5217934,0x100,116,5,1,0
1766855423.53833,0x100,35,5,1,2
1766855423.53833,0x100,201,4,1,1
1766855423.53833,0x100,233,6,1,0
1766855423.5850396,0x100,117,6,1,0
1766855423.6015077,0x100,36,5,1,0
1766855423.6052842,0x100,202,5,1,1
1766855423.6069741,0x100,234,3,1,0
1766855423.6489284,0x100,118,6,1,0
1766855423.6654575,0x100,37,6,1,0
1766855423.6837075,0x100,203,5,1,1
1766855423.6842198,0x100,235,4,1,0
1766855423.7280393,0x100,119,5,1,0
1766855423.7451727,0x100,38,6,1,0
1766855423.759091,0x100,204,5,1,1
1766855423.7621863,0x100,236,3,1,0
1766855423.8099244,0x100,120,6,1,0
1766855423.825259,0x100,39,4,1,0
1766855423.839822,0x100,205,5,1,1
1766855423.843473,0x100,237,4,1,0
1766855423.8879802,0x100,121,6,1,0
1766855423.904145,0x100,40,6,1,0
1766855423.9209917,0x100,238,6,1,1
1766855423.9235895,0x100,206,4,1,0
1766855423.96725,0x100,122,5,1,0
1766855423.9838169,0x100,41,6,1,0
1766855423.9991343,0x100,207,7,1,1
1766855423.9991343,0x100,239,4,1,0
1766855424.0473723,0x100,123,4,1,0
1766855424.0628068,0x100,42,6,1,0
1766855424.0784678,0x100,240,3,1,1
1766855424.0813508,0x100,208,4,1,0
1766855424.1266983,0x100,124,5,1,0
1766855424.1440818,0x100,43,7,1,0
1766855424.1598406,0x100,209,7,1,1
1766855424.161859,0x100,241,4,1,0
1766855424.2063022,0x100,125,5,1,1
1766855424.2092137,0x100,44,4,1,0
1766855424.2222245,0x100,210,6,1,1
1766855424.2250402,0x100,242,4,1,0
1766855424.2701957,0x100,126,7,1,1
1766855424.273067,0x100,45,4,1,0
1766855424.2856693,0x100,211,6,1,1
1766855424.288337,0x100,243,3,1,0
1766855424.3338842,0x100,127,7,1,1
1766855424.3376892,0x100,46,4,1,0
1766855424.3491542,0x100,244,7,1,1
1766855424.3491542,0x100,212,4,1,0
1766855424.3968048,0x100,128,5,1,1
1766855424.3994877,0x100,47,3,1,0
1766855424.4130733,0x100,213,6,1,1
1766855424.4159858,0x100,245,4,1,0
1766855424.4619524,0x100,129,6,1,1
1766855424.4646719,0x100,48,4,1,0
1766855424.47735,0x100,214,7,1,1
1766855424.4793656,0x100,246,5,1,0
1766855424.5429676,0x100,130,6,1,1
1766855424.545951,0x100,49,4,1,0
1766855424.559651,0x100,215,5,1,1
1766855424.559651,0x100,247,4,1,0
1766855424.6262383,0x100,131,5,1,0
1766855424.630076,0x100,50,3,1,0
1766855424.6400642,0x100,248,5,1,1
1766855424.6400642,0x100,216,3,1,0
1766855424.7028127,0x100,51,5,1,1
1766855424.7059853,0x100,132,7,1,0
1766855424.7178824,0x100,249,7,1,1
1766855424.7210417,0x100,217,4,1,0
1766855424.7824829,0x100,52,5,1,1
1766855424.7853673,0x100,133,4,1,0
1766855424.7981663,0x100,218,8,1,1
1766855424.7981663,0x100,250,5,1,0
1766855424.8644643,0x100,53,5,1,1
1766855424.8661802,0x100,134,4,1,2
1766855424.8677163,0x100,251,4,1,1
1766855424.872337,0x100,219,4,1,0
1766855424.926901,0x100,54,106,1,1
1766855424.9307017,0x100,135,4,1,1
1766855424.9327738,0x100,252,3,1,0
1766855424.9424343,0x100,220,6,1,0
1766855424.9898758,0x100,55,5,1,1
1766855424.993334,0x100,136,3,1,0
1766855425.0067222,0x100,253,6,1,1
1766855425.0116618,0x100,221,3,1,0
1766855425.0532355,0x100,56,6,1,1
1766855425.0568786,0x100,137,3,1,0
1766855425.0721867,0x100,222,6,1,1
1766855425.0721867,0x100,254,28,1,0
1766855425.1186867,0x100,57,5,1,0
1766855425.1223419,0x100,138,3,1,0
1766855425.148944,0x100,223,5,1,1
1766855425.148944,0x100,0,4,1,0
1766855425.1972666,0x100,58,6,1,1
1766855425.2008562,0x100,139,3,1,0
1766855425.229649,0x100,1,5,1,1
1766855425.2325168,0x100,224,3,1,0
1766855425.2772117,0x100,59,4,1,1
1766855425.2798357,0x100,140,3,1,0
1766855425.3099082,0x100,225,5,1,1
1766855425.312417,0x100,2,3,1,0
1766855425.3562393,0x100,141,5,1,1
1766855425.3601856,0x100,60,3,1,0
1766855425.3912094,0x100,3,5,1,1
1766855425.3945172,0x100,226,7,1,0
1766855425.4354506,0x100,61,6,1,1
1766855425.4386942,0x100,142,4,1,0
1766855425.4675221,0x100,227,6,1,1
1766855425.4706335,0x100,4,6,1,0
1766855425.515599,0x100,143,6,1,1
1766855425.5198028,0x100,62,4,1,0
1766855425.5483,0x100,5,5,1,1
1766855425.550967,0x100,228,3,1,0
1766855425.5964715,0x100,63,6,1,1
1766855425.5994387,0x100,144,5,1,0
1766855425.6271954,0x100,6,5,1,0
1766855425.6312253,0x100,229,3,1,0
1766855425.6598263,0x100,145,5,1,1
1766855425.6627011,0x100,64,4,1,0
1766855425.6917756,0x100,230,6,1,1
1766855425.6937885,0x100,7,3,1,0
1766855425.7242424,0x100,146,6,1,1
1766855425.7258759,0x100,65,4,1,0
1766855425.7700117,0x100,8,5,1,1
1766855425.7725654,0x100,231,4,1,0
1766855425.7853067,0x100,66,7,1,1
1766855425.7879,0x100,147,3,1,0
1766855425.8328342,0x100,232,5,1,1
1766855425.835608,0x100,9,3,1,0
1766855425.8490615,0x100,67,8,1,1
1766855425.8490615,0x100,148,5,1,0
1766855425.8985364,0x100,10,5,1,1
1766855425.8999104,0x100,233,3,1,0
1766855425.913503,0x100,68,6,1,1
1766855425.9164298,0x100,149,4,1,0
1766855425.961821,0x100,234,6,1,1
1766855425.9648018,0x100,11,4,1,0
1766855425.977103,0x100,69,7,1,1
1766855425.9796457,0x100,150,5,1,0
1766855426.0418477,0x100,12,6,1,1
1766855426.0450122,0x100,235,4,1,0
1766855426.0592794,0x100,70,6,1,1
1766855426.0592794,0x100,151,4,1,0
1766855426.1250343,0x100,13,5,1,1
1766855426.1265597,0x100,236,4,1,0
1766855426.1395872,0x100,152,4,1,0
1766855426.1415973,0x100,71,2,1,0
1766855426.20353,0x100,14,9,1,1
1766855426.20852,0x100,237,6,1,0
1766855426.2201695,0x100,72,5,1,1
1766855426.2201695,0x100,153,3,1,0
1766855426.283153,0x100,238,4,1,0
1766855426.2848148,0x100,15,5,1,0
1766855426.2975767,0x100,154,6,1,1
1766855426.2975767,0x100,73,4,1,0
1766855426.3497343,0x100,239,3,1,0
1766855426.3614712,0x100,16,4,1,0
1766855426.3793805,0x100,74,4,1,1
1766855426.3829002,0x100,155,4,1,0
1766855426.4271104,0x100,240,4,1,0
1766855426.4420085,0x100,17,4,1,0
1766855426.4599407,0x100,75,4,1,0
1766855426.4636168,0x100,156,3,1,0
1766855426.5503685,0x100,241,6,1,0
1766855426.5680876,0x100,157,4,1,0
1766855426.5931761,0x100,18,6,1,1
1766855426.599744,0x100,76,6,1,0
1766855426.634607,0x100,242,5,1,0
1766855426.6996822,0x100,158,85,1,2
1766855426.704712,0x100,19,5,1,1
1766855426.704712,0x100,77,2,1,0
1766855426.7103748,0x100,243,3,1,0
1766855426.7387116,0x100,20,5,1,2
1766855426.7387116,0x100,78,3,1,1
1766855426.7438579,0x100,159,3,1,0
1766855426.7873335,0x100,244,4,1,0
1766855426.8022556,0x100,21,4,1,2
1766855426.8022556,0x100,79,3,1,1
1766855426.8051307,0x100,160,3,1,0
1766855426.8494697,0x100,245,4,1,0
1766855426.8654478,0x100,22,3,1,2
1766855426.8654478,0x100,80,3,1,1
1766855426.8686283,0x100,161,3,1,0
1766855426.9129367,0x100,246,5,1,0
1766855426.9295068,0x100,23,6,1,2
1766855426.9295068,0x100,81,3,1,1
1766855426.9295068,0x100,162,3,1,0
1766855426.987227,0x100,247,34,1,0
1766855427.0102234,0x100,82,5,1,2
1766855427.011677,0x100,163,5,1,1
1766855427.0139422,0x100,24,3,1,0
1766855427.0571082,0x100,248,6,1,0
1766855427.0877879,0x100,25,6,1,2
1766855427.0918813,0x100,83,4,1,1
1766855427.0941,0x100,164,3,1,0
1766855427.1350398,0x100,249,4,1,0
1766855427.166294,0x100,26,4,1,2
1766855427.167642,0x100,84,3,1,1
1766855427.167642,0x100,165,3,1,0
1766855427.215752,0x100,250,5,1,0
1766855427.2450833,0x100,27,3,1,2
1766855427.2462537,0x100,85,3,1,1
1766855427.2473474,0x100,166,2,1,0
1766855427.3166864,0x100,251,7,1,0
1766855427.3316634,0x100,28,5,1,2
1766855427.3316634,0x100,86,3,1,1
1766855427.3316634,0x100,167,3,1,0
1766855427.3889687,0x100,252,6,1,0
1766855427.406098,0x100,168,10,1,2
1766855427.4232447,0x100,29,5,1,1
1766855427.4282908,0x100,87,5,1,0
1766855427.4671135,0x100,253,5,1,0
1766855427.4826503,0x100,30,4,1,2
1766855427.4826503,0x100,88,3,1,1
1766855427.4826503,0x100,169,3,1,0
1766855427.5464678,0x100,254,5,1,0
1766855427.5674157,0x100,170,4,1,2
1766855427.5699487,0x100,31,5,1,1
1766855427.5707643,0x100,89,3,1,0
1766855427.6258821,0x100,0,4,1,0
1766855427.6421773,0x100,32,5,1,2
1766855427.6435356,0x100,90,4,1,1
1766855427.6446567,0x100,171,3,1,0
1766855427.7051587,0x100,1,9,1,0
1766855427.7211587,0x100,91,4,1,1
1766855427.7211587,0x100,33,4,1,1
1766855427.7240772,0x100,172,3,1,0
1766855427.7696443,0x100,2,9,1,0
1766855427.7844183,0x100,92,5,1,1
1766855427.7857838,0x100,34,4,1,1
1766855427.7879593,0x100,173,3,1,0
1766855427.8318791,0x100,3,4,1,0
1766855427.8478103,0x100,35,4,1,2
1766855427.8498747,0x100,93,4,1,1
1766855427.8508573,0x100,174,3,1,0
1766855427.896881,0x100,4,4,1,0
1766855427.940343,0x100,36,499,1,2
1766855427.9708178,0x100,94,4,1,2
1766855427.9713268,0x100,175,3,1,1
1766855427.9713268,0x100,5,2,1,0
1766855427.9909933,0x100,37,6,1,0
1766855428.0051796,0x100,95,5,1,1
1766855428.010064,0x100,176,4,1,0
1766855428.0371351,0x100,6,5,1,0
1766855428.0676239,0x100,96,5,1,2
1766855428.0676239,0x100,177,3,1,1
1766855428.0676239,0x100,38,4,1,0
1766855428.099182,0x100,7,4,1,0
1766855428.1320932,0x100,39,8,1,2
1766855428.1320932,0x100,97,4,1,1
1766855428.1355078,0x100,178,3,1,0
1766855428.1633592,0x100,8,3,1,0
1766855428.1961017,0x100,40,4,1,2
1766855428.1961017,0x100,98,2,1,1
1766855428.19953,0x100,179,3,1,0
1766855428.227013,0x100,9,4,1,0
1766855428.2831123,0x100,99,4,1,2
1766855428.2864559,0x100,180,4,1,1
1766855428.2864559,0x100,41,4,1,0
1766855428.3043425,0x100,10,6,1,0
1766855428.353347,0x100,100,5,1,1
1766855428.3552632,0x100,181,4,1,1
1766855428.3590677,0x100,42,3,1,0
1766855428.3829763,0x100,11,5,1,0
1766855428.4317906,0x100,101,4,1,2
1766855428.4317906,0x100,43,3,1,1
1766855428.4317906,0x100,182,2,1,0
1766855428.4638746,0x100,12,5,1,0
1766855428.513613,0x100,183,5,1,1
1766855428.514712,0x100,102,4,1,1
1766855428.5155303,0x100,44,3,1,0
1766855428.543846,0x100,13,4,1,0
1766855428.5921206,0x100,45,4,1,1
1766855428.5958157,0x100,184,3,1,1
1766855428.597627,0x100,103,3,1,0
1766855428.6223357,0x100,14,5,1,0
1766855428.6705387,0x100,104,4,1,2
1766855428.672569,0x100,46,3,1,1
1766855428.6753645,0x100,185,3,1,0
1766855428.702261,0x100,15,4,1,0
1766855428.7493942,0x100,105,3,1,1
1766855428.7514062,0x100,186,3,1,1
1766855428.753584,0x100,47,2,1,0
1766855428.7812417,0x100,16,4,1,0
1766855428.830933,0x100,106,4,1,1
1766855428.8319178,0x100,187,3,1,1
1766855428.8330417,0x100,48,10,1,0
1766855428.8608677,0x100,17,5,1,0
1766855428.9088502,0x100,188,6,1,1
1766855428.9105065,0x100,49,3,1,1
1766855428.9119093,0x100,107,4,1,0
1766855428.926595,0x100,18,3,1,0
1766855428.973388,0x100,108,4,1,2
1766855428.9759338,0x100,50,3,1,1
1766855428.9770193,0x100,189,3,1,0
1766855428.9881158,0x100,19,2,1,0
1766855429.0517795,0x100,20,3,1,2
1766855429.0524426,0x100,51,3,1,2
1766855429.0532913,0x100,190,24,1,1
1766855429.0544715,0x100,109,3,1,0
1766855429.1141558,0x100,52,3,1,2
1766855429.116232,0x100,21,4,1,2
1766855429.1177394,0x100,110,3,1,1
1766855429.1207209,0x100,191,4,1,0
1766855429.1774993,0x100,111,19,1,2
1766855429.1795077,0x100,53,3,1,2
1766855429.1795077,0x100,192,2,1,1
1766855429.181169,0x100,22,2,1,0
1766855429.2409592,0x100,193,4,1,2
1766855429.24303,0x100,54,3,1,2
1766855429.2449749,0x100,23,3,1,1
1766855429.2460024,0x100,112,2,1,0
1766855429.3038642,0x100,194,4,1,1
1766855429.3046558,0x100,55,3,1,1
1766855429.3058136,0x100,24,3,1,0
1766855429.3189144,0x100,113,3,1,0
1766855429.366585,0x100,56,4,1,1
1766855429.3681192,0x100,195,3,1,0
1766855429.3822315,0x100,114,6,1,1
1766855429.3822315,0x100,25,3,1,0
1766855429.4305074,0x100,57,4,1,0
1766855429.4310155,0x100,196,3,1,0
1766855429.4467702,0x100,26,4,1,1
1766855429.4467702,0x100,115,3,1,0
1766855429.509561,0x100,58,4,1,1
1766855429.5112412,0x100,197,3,1,0
1766855429.5248327,0x100,27,4,1,0
1766855429.5268445,0x100,116,3,1,0
1766855429.6179054,0x100,198,24,1,1
1766855429.6213355,0x100,59,3,1,0
1766855429.6317382,0x100,28,6,1,0
1766855429.6317382,0x100,117,4,1,0
1766855429.6830273,0x100,60,4,1,1
1766855429.6830273,0x100,199,4,1,0
1766855429.6988134,0x100,29,4,1,1
1766855429.6988134,0x100,118,4,1,0
1766855429.7635138,0x100,61,5,1,1
1766855429.768295,0x100,200,6,1,0
1766855429.7787037,0x100,30,7,1,1
1766855429.7824178,0x100,119,10,1,0
1766855429.844946,0x100,62,9,1,0
1766855429.8465354,0x100,201,5,1,0
1766855429.8634923,0x100,31,6,1,1
1766855429.8656363,0x100,120,5,1,0
1766855429.9219937,0x100,63,7,1,1
1766855429.9298844,0x100,202,5,1,0
1766855429.9422698,0x100,32,9,1,1
1766855429.9483526,0x100,121,4,1,0
1766855429.9881384,0x100,203,7,1,1
1766855429.993365,0x100,64,4,1,0
1766855430.0185013,0x100,122,5,1,1
1766855430.0217807,0x100,33,3,1,0
1766855430.0659468,0x100,65,5,1,1
1766855430.0680165,0x100,204,3,1,0
1766855430.0979705,0x100,34,4,1,1
1766855430.1012414,0x100,123,3,1,0
1766855430.1295269,0x100,205,4,1,1
1766855430.1331265,0x100,66,3,1,0
1766855430.1776457,0x100,35,5,1,1
1766855430.1776457,0x100,124,3,1,0
1766855430.1957557,0x100,67,5,1,1
1766855430.1969755,0x100,206,4,1,0
1766855430.2403204,0x100,36,9,1,1
1766855430.2428458,0x100,125,3,1,0
1766855430.2714548,0x100,68,4,1,1
1766855430.2734697,0x100,207,5,1,0
1766855430.3033278,0x100,37,4,1,1
1766855430.3049104,0x100,126,3,1,0
1766855430.336775,0x100,69,7,1,1
1766855430.338758,0x100,208,3,1,0
1766855430.3673284,0x100,38,4,1,1
1766855430.3695767,0x100,127,3,1,0
1766855430.3984585,0x100,209,3,1,1
1766855430.3999057,0x100,70,4,1,0
1766855430.4454954,0x100,39,3,1,1
1766855430.4495652,0x100,128,128,1,0
1766855430.4776106,0x100,71,3,1,1
1766855430.480135,0x100,210,4,1,0
1766855430.5256634,0x100,129,4,1,1
1766855430.5268135,0x100,40,2,1,0
1766855430.5574837,0x100,72,4,1,1
1766855430.5595727,0x100,211,3,1,0
1766855430.605101,0x100,41,8,1,1
1766855430.605101,0x100,130,3,1,0
1766855430.6368182,0x100,73,5,1,1
1766855430.6368182,0x100,212,3,1,0
1766855430.6866305,0x100,42,9,1,1
1766855430.6910598,0x100,131,10,1,0
1766855430.7167404,0x100,74,7,1,1
1766855430.7220063,0x100,213,6,1,0
1766855430.7657254,0x100,43,3,1,0
1766855430.7687454,0x100,132,2,1,0
1766855430.7957876,0x100,214,5,1,0
1766855430.7990422,0x100,75,3,1,0
1766855430.8437665,0x100,44,6,1,1
1766855430.8457837,0x100,133,4,1,0
1766855430.8771842,0x100,215,7,1,1
1766855430.8782487,0x100,76,3,1,0
1766855430.923442,0x100,45,5,1,1
1766855430.923442,0x100,134,3,1,0
1766855430.9557753,0x100,77,5,1,1
1766855430.9592,0x100,216,3,1,0
1766855430.9873657,0x100,46,6,1,1
1766855430.9894247,0x100,135,4,1,0
1766855431.0215392,0x100,78,6,1,1
1766855431.022694,0x100,217,3,1,0
1766855431.0515149,0x100,47,7,1,1
1766855431.0515149,0x100,136,5,1,0
1766855431.082746,0x100,79,3,1,0
1766855431.0858476,0x100,218,4,1,0
1766855431.1147437,0x100,48,3,1,1
1766855431.1147437,0x100,137,3,1,0
1766855431.1469698,0x100,80,4,1,1
1766855431.1469698,0x100,219,3,1,0
1766855431.1791232,0x100,138,9,1,1
1766855431.1851506,0x100,49,8,1,0
1766855431.2132363,0x100,81,8,1,1
1766855431.2151437,0x100,220,6,1,0
1766855431.2442813,0x100,50,9,1,1
1766855431.25013,0x100,139,7,1,0
1766855431.29255,0x100,82,11,1,1
1766855431.2973554,0x100,221,6,1,0
1766855431.32151,0x100,51,5,1,1
1766855431.32151,0x100,140,4,1,0
1766855431.3688865,0x100,83,4,1,1
1766855431.3714724,0x100,222,5,1,0
1766855431.4018097,0x100,52,5,1,1
1766855431.4018097,0x100,141,4,1,0
1766855431.4505754,0x100,84,6,1,1
1766855431.4519114,0x100,223,4,1,0
1766855431.4825876,0x100,53,6,1,1
1766855431.4825876,0x100,142,4,1,0
1766855431.5284028,0x100,85,5,1,1
1766855431.5321605,0x100,224,4,1,0
1766855431.5603771,0x100,143,6,1,1
1766855431.5636525,0x100,54,3,1,0
1766855431.6106744,0x100,86,9,1,1
1766855431.6156793,0x100,225,5,1,0
1766855431.6426337,0x100,55,6,1,1
1766855431.645904,0x100,144,4,1,0
1766855431.6889606,0x100,87,5,1,1
1766855431.6914117,0x100,226,3,1,0
1766855431.722067,0x100,56,5,1,1
1766855431.7240884,0x100,145,4,1,0
1766855431.7680237,0x100,227,6,1,0
1766855431.7743607,0x100,88,4,1,0
1766855431.79872,0x100,57,196,1,1
1766855431.802442,0x100,146,3,1,0
1766855431.847516,0x100,89,6,1,1
1766855431.8500466,0x100,228,4,1,0
1766855431.8626156,0x100,58,5,1,1
1766855431.865831,0x100,147,4,1,0
1766855431.9126346,0x100,90,6,1,1
1766855431.9146516,0x100,229,3,1,0
1766855431.9306526,0x100,59,5,1,1
1766855431.932601,0x100,148,4,1,0
1766855431.9920075,0x100,91,9,1,1
1766855431.9980893,0x100,230,4,1,0
1766855432.014832,0x100,60,6,1,1
1766855432.014832,0x100,149,6,1,0
1766855432.0543637,0x100,92,5,1,1
1766855432.0563807,0x100,231,3,1,0
1766855432.0917094,0x100,61,5,1,1
1766855432.096589,0x100,150,3,1,0
1766855432.1353931,0x100,232,6,1,0
1766855432.1353931,0x100,93,4,1,0
1766855432.1664028,0x100,151,5,1,1
1766855432.1686296,0x100,62,4,1,0
1766855432.2122064,0x100,94,4,1,1
1766855432.2154517,0x100,233,3,1,0
1766855432.244821,0x100,152,5,1,1
1766855432.24758,0x100,63,4,1,0
1766855432.2918801,0x100,95,5,1,1
1766855432.2942102,0x100,234,3,1,0
1766855432.3227196,0x100,153,6,1,1
1766855432.3276148,0x100,64,4,1,0
1766855432.3698313,0x100,96,5,1,1
1766855432.3721673,0x100,235,4,1,0
1766855432.4048028,0x100,154,6,1,1
1766855432.406821,0x100,65,4,1,0
1766855432.450989,0x100,236,8,1,1
1766855432.4557917,0x100,97,4,1,0
1766855432.4849637,0x100,155,8,1,1
1766855432.4883878,0x100,66,5,1,0
1766855432.5333476,0x100,98,82,1,1
1766855432.5364654,0x100,237,4,1,0
1766855432.563025,0x100,67,4,1,1
1766855432.566229,0x100,156,4,1,0
1766855432.6157691,0x100,99,8,1,1
1766855432.6188745,0x100,238,4,1,0
1766855432.6449504,0x100,157,9,1,1
1766855432.6479862,0x100,68,5,1,0
1766855432.6936066,0x100,239,9,1,1
1766855432.6969006,0x100,100,6,1,0
1766855432.7066722,0x100,158,5,1,1
1766855432.7086864,0x100,69,3,1,0
1766855432.774392,0x100,101,6,1,2
1766855432.7783623,0x100,70,3,1,2
1766855432.7810388,0x100,240,3,1,1
1766855432.782425,0x100,159,4,1,0
1766855432.8600452,0x100,71,4,1,2
1766855432.86407,0x100,102,4,1,2
1766855432.86407,0x100,241,3,1,1
1766855432.8665802,0x100,160,3,1,0
1766855432.9311867,0x100,72,6,1,0
1766855432.934826,0x100,103,5,1,2
1766855432.944781,0x100,242,4,1,1
1766855432.9488103,0x100,161,5,1,0
1766855433.014318,0x100,73,4,1,0
1766855433.0183544,0x100,104,4,1,2
1766855433.020164,0x100,162,3,1,1
1766855433.0214016,0x100,243,4,1,0
1766855433.0991237,0x100,74,8,1,1
1766855433.1037416,0x100,163,4,1,2
1766855433.1049564,0x100,244,5,1,1
1766855433.1070297,0x100,105,3,1,0
1766855433.1710157,0x100,75,6,1,1
1766855433.1760685,0x100,106,5,1,1
1766855433.180415,0x100,164,4,1,0
1766855433.2493536,0x100,107,4,1,2
1766855433.250481,0x100,76,3,1,1
1766855433.2531838,0x100,165,2,1,0
1766855433.330092,0x100,166,6,1,0
1766855433.33504,0x100,77,4,1,1
1766855433.3383536,0x100,108,3,1,0
1766855433.4062827,0x100,109,6,1,1
1766855433.4088094,0x100,167,5,1,1
1766855433.411205,0x100,78,4,1,0
1766855433.493979,0x100,79,6,1,0
1766855433.5008774,0x100,110,4,1,1
1766855433.5029671,0x100,168,4,1,0
1766855433.5803957,0x100,169,3,1,1
1766855433.5831158,0x100,111,4,1,1
1766855433.5854764,0x100,80,2,1,0
1766855433.6612892,0x100,170,10,1,2
1766855433.6677842,0x100,112,5,1,1
1766855433.6677842,0x100,81,5,1,0
1766855433.7226217,0x100,113,5,1,1
1766855433.7295744,0x100,171,5,1,0
1766855433.7400362,0x100,82,7,1,0
1766855433.7880266,0x100,114,6,1,1
1766855433.7897282,0x100,172,5,1,0
1766855433.817426,0x100,83,5,1,0
1766855433.848606,0x100,173,5,1,0
1766855433.86402,0x100,115,4,1,0
1766855433.8963842,0x100,84,6,1,0
1766855433.9153306,0x100,174,6,1,0
1766855433.9292967,0x100,116,5,1,0
1766855433.959872,0x100,85,7,1,0
1766855433.9939315,0x100,117,9,1,1
1766855433.9969292,0x100,175,100,1,0
1766855434.0266316,0x100,86,10,1,0
1766855434.0766907,0x100,118,8,1,1
1766855434.0789187,0x100,176,6,1,0
1766855434.1028557,0x100,87,7,1,0
1766855434.153365,0x100,119,8,1,1
1766855434.1595874,0x100,177,6,1,0
1766855434.185288,0x100,88,8,1,0
1766855434.231978,0x100,120,9,1,1
1766855434.2363038,0x100,178,6,1,0
1766855434.2736194,0x100,89,6,1,0
1766855434.312319,0x100,179,6,1,1
1766855434.312319,0x100,121,5,1,0
1766855434.356142,0x100,90,5,1,0
1766855434.3893545,0x100,122,6,1,1
1766855434.3958313,0x100,180,4,1,0
1766855434.4373744,0x100,91,7,1,0
1766855434.4692776,0x100,123,6,1,1
1766855434.4723232,0x100,181,4,1,0
1766855434.5180132,0x100,92,5,1,0
1766855434.5478897,0x100,124,3,1,1
1766855434.5493686,0x100,182,5,1,0
1766855434.597263,0x100,93,7,1,0
1766855434.6299512,0x100,183,8,1,0
1766855434.6331847,0x100,125,5,1,0
1766855434.67964,0x100,94,8,1,0
1766855434.70874,0x100,126,9,1,1
1766855434.7130442,0x100,184,4,1,0
1766855434.7549336,0x100,95,5,1,0
1766855434.8120804,0x100,127,3,1,0
1766855434.8161333,0x100,185,13,1,0
1766855434.817447,0x100,96,3,1,0
1766855434.8815186,0x100,186,7,1,2
1766855434.8831215,0x100,97,5,1,1
1766855434.8836353,0x100,128,3,1,0
1766855434.9461405,0x100,129,8,1,0
1766855434.9497356,0x100,98,5,1,1
1766855434.9521275,0x100,187,4,1,0
1766855435.037898,0x100,99,16,1,0
1766855435.0396845,0x100,130,6,1,1
1766855435.0510278,0x100,188,5,1,0
1766855435.1040099,0x100,131,6,1,1
1766855435.1055489,0x100,100,7,1,0
1766855435.1179957,0x100,189,8,1,0
1766855435.1817517,0x100,101,7,1,1
1766855435.1852014,0x100,132,6,1,0
1766855435.199969,0x100,190,6,1,0
1766855435.2618182,0x100,102,7,1,1
1766855435.265712,0x100,133,4,1,0
1766855435.2788777,0x100,191,7,1,0
1766855435.343585,0x100,134,5,1,1
1766855435.3467507,0x100,103,3,1,0
1766855435.3620543,0x100,192,5,1,0
1766855435.4220364,0x100,104,3,1,1
1766855435.4242332,0x100,135,4,1,0
1766855435.4382844,0x100,193,5,1,0
1766855435.502358,0x100,105,5,1,1
1766855435.505645,0x100,136,27,1,0
1766855435.5193448,0x100,194,5,1,0
1766855435.5816321,0x100,106,5,1,1
1766855435.5828156,0x100,137,3,1,0
1766855435.598342,0x100,195,6,1,0
1766855435.6590545,0x100,107,8,1,1
1766855435.6758976,0x100,138,4,1,0
1766855435.6793334,0x100,196,5,1,0
1766855435.737464,0x100,108,9,1,0
1766855435.743669,0x100,139,6,1,0
1766855435.754074,0x100,197,9,1,0
1766855435.8018842,0x100,109,6,1,0
1766855435.8193722,0x100,140,7,1,1
1766855435.8221362,0x100,198,4,1,0
1766855435.8653226,0x100,110,8,1,0
1766855435.8975942,0x100,141,11,1,1
1766855435.9037015,0x100,199,8,1,0
1766855435.9292195,0x100,111,5,1,0
1766855435.960973,0x100,142,6,1,1
1766855435.9655216,0x100,200,4,1,0
1766855435.9943876,0x100,112,7,1,0
1766855436.0394442,0x100,143,9,1,1
1766855436.0447521,0x100,201,4,1,0
1766855436.0737383,0x100,113,9,1,0
1766855436.1212614,0x100,144,9,1,1
1766855436.1239212,0x100,202,7,1,0
1766855436.1498246,0x100,114,8,1,0
1766855436.200843,0x100,145,11,1,1
1766855436.2054448,0x100,203,6,1,0
1766855436.253306,0x100,115,4,1,0
